COD_CURSO;COD_DISCIPLINA;COD_TURMA;HR_INICIO;NOME_DISCIPLINA;VAGAS_OFERECIDAS;VAGAS_OCUPADAS;DIA_SEMANA;HR_FIM;TIPO_AULA;NUM_SALA

GEL;GELE7083;272549;15:35:00;ACIONAMENTOS ELÉTRICOS;30;18;QUA;17:20:00;Prática;Pav. VI 02
GEL;GELE7083;272549;14:30:00;ACIONAMENTOS ELÉTRICOS;30;18;QUA;15:20:00;Teórica;Pav. VI 02
GCIV;GCIV8102;718102;20:00:00;ADMINISTRAÇÃO;30;0;SEG;21:50:00;Teórica;D-204
GCIV;GCIV8102;700006;18:20:00;ADMINISTRAÇÃO;30;7;TER;20:00:00;Teórica;D-206
GAUT;GEDA7001;655044;21:00:00;ADMINISTRAÇÃO;30;17;QUI;22:40:00;Teórica;E-301
GELT;GEDA7001;362547;14:30:00;ADMINISTRAÇÃO;25;9;TER;17:20:00;Teórica;E-305
GEL;GEDA7001;262547;14:30:00;ADMINISTRAÇÃO;25;12;TER;17:20:00;Teórica;E-305
GMEC;GEDA7001;110205;14:30:00;ADMINISTRAÇÃO;50;44;TER;17:20:00;Teórica;E-305
GTEL;GEDA7001;562547;21:00:00;ADMINISTRAÇÃO;25;21;QUI;22:40:00;Teórica;E-301
BCC;GCC1522;951522;18:20:00;ADMINISTRAÇÃO DE BANCO DE DADOS;25;14;TER;21:50:00;Teórica;PAV1LAB4
WEB;GTSI1455;651455;18:20:00;ADMINISTRAÇÃO DE BANCO DE DADOS;25;14;TER;21:50:00;Teórica;PAV1LAB4
GPROD;GADM7718;490007;17:25:00;ADMINISTRAÇÃO DE RECURSOS HUMANOS I;5;5;SEG;20:00:00;Teórica;L-21
GPROD;GADM7719;490008;20:00:00;ADMINISTRAÇÃO DE RECURSOS HUMANOS II;5;5;SEX;22:40:00;Teórica;E-303
GPROD;GADM7716;490015;15:35:00;ADMINISTRAÇÃO MERCADOLÓGICA I;5;5;SEG;18:15:00;Teórica;B-203
GLEA;GADM7717;010020;12:40:00;ADMINISTRAÇÃO MERCADOLÓGICA II;40;21;QUI;15:30:00;Teórica;L-31
GPROD;GADM7717;490006;17:25:00;ADMINISTRAÇÃO MERCADOLÓGICA II;5;5;QUI;20:00:00;Teórica;L-31
GCIV;GCIV0821;700011;18:20:00;AEROPORTOS;20;9;TER;20:00:00;Teórica;D-212
GLEA;GLEA1075;011075;14:30:00;ÁFRICA NAS RELAÇÕES INTERNACIONAIS;40;1;QUI;16:25:00;Teórica;CAMPIII201
GAUT;GEXT7501;650005-B;10:50:00;ÁLGEBRA LINEAR I;5;4;QUA;12:35:00;Teórica;H-102
GAUT;GEXT7501;650005;10:50:00;ÁLGEBRA LINEAR I;0;0;QUA;12:35:00;Teórica;H-102
GAMB;GEXT7501;162002;;ÁLGEBRA LINEAR I;50;0;;;;
BCC;GEXT7501;910002-B;13:35:00;ÁLGEBRA LINEAR I;5;6;TER;15:20:00;Teórica;PAV1SALA02
BCC;GEXT7501;910002;13:35:00;ÁLGEBRA LINEAR I;0;0;TER;15:20:00;Teórica;PAV1SALA02
GEL;GEXT7501;201021-B;16:30:00;ÁLGEBRA LINEAR I;5;5;SEG;18:15:00;Teórica;H-102
GEL;GEXT7501;201021;16:30:00;ÁLGEBRA LINEAR I;0;0;SEG;18:15:00;Teórica;H-102
GCIV;GEXT7501;700005-B;18:20:00;ÁLGEBRA LINEAR I;5;5;QUI;20:00:00;Teórica;E-305
GCIV;GEXT7501;700005;18:20:00;ÁLGEBRA LINEAR I;0;0;QUI;20:00:00;Teórica;E-305
GELT;GEXT7501;301021;16:30:00;ÁLGEBRA LINEAR I;0;0;SEG;18:15:00;Teórica;H-102
GELT;GEXT7501;301021-B;16:30:00;ÁLGEBRA LINEAR I;5;2;SEG;18:15:00;Teórica;H-102
GMEC;GEXT7501;101021;08:50:00;ÁLGEBRA LINEAR I;43;0;QUA;10:45:00;Teórica;H-101
GMEC;GEXT7501;101021-B;08:50:00;ÁLGEBRA LINEAR I;30;13;QUA;10:45:00;Teórica;H-102
GPROD;GEXT7501;400002;07:00:00;ÁLGEBRA LINEAR I;0;0;SEX;08:50:00;Teórica;
GPROD;GEXT7501;400002-B;07:00:00;ÁLGEBRA LINEAR I;5;3;SEX;08:50:00;Teórica;H-101
GTEL;GEXT7501;501021;10:50:00;ÁLGEBRA LINEAR I;1;1;QUA;12:35:00;Teórica;H-102
GTEL;GEXT7501;501021-B;10:50:00;ÁLGEBRA LINEAR I;5;3;QUA;12:35:00;Teórica;H-102
GAUT;GEXT7502;651011;12:40:00;ÁLGEBRA LINEAR II;25;18;QUI;15:20:00;Teórica;E-301
BCC;GEXT7502;920002;12:40:00;ÁLGEBRA LINEAR II;25;25;QUA;15:20:00;Teórica;E-303
GEL;GEXT7502;212113;11:45:00;ÁLGEBRA LINEAR II;25;15;QUA;14:25:00;Teórica;CAMPIII102
GCIV;GEXT7502;710003;16:30:00;ÁLGEBRA LINEAR II;50;49;TER;19:10:00;Teórica;H-102
GELT;GEXT7502;312113;11:45:00;ÁLGEBRA LINEAR II;25;8;QUA;14:25:00;Teórica;CAMPIII102
GMEC;GEXT7502;110213;07:55:00;ÁLGEBRA LINEAR II;50;35;QUI;10:45:00;Teórica;L-31
GPROD;GEXT7502;410038;07:00:00;ÁLGEBRA LINEAR II;50;49;SEG;09:40:00;Teórica;H-102
GTEL;GEXT7502;510122;12:40:00;ÁLGEBRA LINEAR II;25;19;QUI;15:20:00;Teórica;E-301
BCC;GCC1627;901627;14:30:00;ALGORITMOS EM GRAFOS;25;15;TER;18:15:00;Teórica;PAV1SALA01
WEB;GTSI1498;601408;14:30:00;ALGORITMOS EM GRAFOS;25;2;TER;18:15:00;Teórica;PAV1SALA01
GEL;GELE7081;272550;21:00:00;ANÁLISE DE SISTEMAS DE POTENCIA I;30;12;QUA;22:40:00;Teórica;D-316
GEL;GELE7095;292568;18:20:00;ANÁLISE DE SISTEMAS DE POTÊNCIA II;30;8;QUA;20:50:00;Teórica;D-316
BCC;GCC1416;940004;18:20:00;ANÁLISE E PROJETO DE SISTEMAS;25;11;QUI;21:50:00;Teórica;PAV01LAB05
WEB;GTSI1446;640006;18:20:00;ANÁLISE E PROJETO DE SISTEMAS;25;11;QUI;21:50:00;Teórica;PAV1SALA03
AMB;GFSQ9207;130021;17:30:00;ANÁLISE FÍSICO-QUÍMICAS I;60;21;SEX;19:10:00;Teórica;A-301
AMB;GFSQ9207;130021;17:30:00;ANÁLISE FÍSICO-QUÍMICAS I;60;21;SEG;19:10:00;Teórica;A-301
AMB;GFSQ9208;130028;19:10:00;ANÁLISE MICROBIOLÓGICAS;60;24;TER;22:40:00;Teórica;D-326
GPROD;GPRO7827;407827;17:25:00;ANÁLISE ORGANIZACIONAL;40;27;QUA;20:00:00;Teórica;E-301
AMB;GFSQ9209;130024;19:10:00;ANÁLISES FÍSICO-QUÍMICAS II;60;20;SEX;22:40:00;Teórica;D-326
GTEL;GELE7291;580531;15:35:00;ANTENAS;50;6;SEG;17:20:00;Teórica;E-301
GTEL;GELE7291;580531;17:25:00;ANTENAS;50;6;SEG;19:10:00;Prática;
BCC;GCC1102;910004;18:20:00;ARQUITETURA DE COMPUTADORES;32;13;TER;21:40:00;Teórica;H-103
WEB;GTSI1411;600001;18:20:00;ARQUITETURA DE COMPUTADORES;6;5;TER;21:40:00;Teórica;H-103
BCC;GCC1519;951519;14:30:00;ARQUITETURA DE LINGUAGENS DE PROGRAMAÇÃO;25;4;SEX;18:15:00;Teórica;PAV01LAB03
WEB;GTSI1309;690023;14:30:00;ARQUITETURA DE LINGUAGENS DE PROGRAMAÇÃO;25;0;SEX;18:15:00;Teórica;PAV01LAB03
BCC;GCC1520;951520;18:20:00;ARQUITETURA E PADRÕES DE SOFTWARE;25;9;SEG;21:50:00;Teórica;PAV1LAB4
WEB;GTSI1252;680032;18:20:00;ARQUITETURA E PADRÕES DE SOFTWARE;25;4;SEG;21:50:00;Teórica;PAV1LAB4
GCIV;GCIV8402;730023;19:10:00;ARQUITETURA E URBANISMO I;45;32;SEX;21:50:00;Teórica;D-218
GCIV;GCIV8504;740032;19:10:00;ARQUITETURA E URBANISMO II;40;31;SEG;21:50:00;Teórica;D-206
BCC;GCC1206;920004;18:20:00;ARQUITETURAS AVANÇADAS DE COMPUTADORES;25;25;QUI;20:00:00;Teórica;LAB-2
WEB;GTSI1301;660055;18:20:00;ARQUITETURAS AVANÇADAS DE COMPUTADORES;25;16;QUI;20:00:00;Teórica;PAV1LAB02
GAUT;GEDA1815;659001;17:25:00;Atividade Empreendedora;5;0;TER;20:00:00;Teórica;E-305
GELT;GEDA1815;390001;17:25:00;Atividade Empreendedora;5;0;TER;20:00:00;Teórica;E-305
GEL;GEDA1815;290001;17:25:00;Atividade Empreendedora;7;2;TER;20:00:00;Teórica;E-305
GTEL;GEDA1815;590001;17:25:00;Atividade Empreendedora;5;0;TER;20:00:00;Teórica;E-305
GAUT;GELE7105;658003;18:20:00;AUTOMAÇÃO DE SISTEMAS;30;4;TER;19:10:00;Teórica;E 201
GAUT;GELE7105;658003;19:10:00;AUTOMAÇÃO DE SISTEMAS;30;4;TER;20:50:00;Prática;
GMEC;GMEC7608;190604;16:30:00;AUTOMAÇÃO INDUSTRIAL;30;30;SEG;18:15:00;Prática;
GMEC;GMEC7608;190604;18:20:00;AUTOMAÇÃO INDUSTRIAL;30;30;SEG;20:00:00;Teórica;D-310
GPROD;GPRO7836;483601;13:35:00;AVALIAÇÃO DE CICLO DE VIDA DE PRODUTOS;15;15;QUA;16:25:00;Teórica;E-512
AMB;GFSQ9202;130002;17:30:00;BIOLOGIA;20;11;TER;19:10:00;Teórica;A-303
AMB;GFSQ9202;130002;17:30:00;BIOLOGIA;20;11;QUI;19:10:00;Teórica;A-303
GAMB;GEAMB1103;152005;;BIOLOGIA AMBIENTAL;50;0;;;;
GAUT;GEXT7301;650002-B;13:35:00;CÁLCULO A UMA VARIÁVEL;5;5;SEG;16:25:00;Teórica;H-101
GAUT;GEXT7301;650002;13:35:00;CÁLCULO A UMA VARIÁVEL;0;0;SEG;16:25:00;Teórica;H-101
GAUT;GEXT7301;650002-B;12:40:00;CÁLCULO A UMA VARIÁVEL;5;5;QUA;14:25:00;Teórica;H-101
GAUT;GEXT7301;650002;12:40:00;CÁLCULO A UMA VARIÁVEL;0;0;QUA;14:25:00;Teórica;H-101
GAMB;GEXT7301;162001;;CÁLCULO A UMA VARIÁVEL;50;0;;;;
BCC;GEXT7301;910001-B;15:35:00;CÁLCULO A UMA VARIÁVEL;5;2;TER;18:15:00;Teórica;CAMPIII202
BCC;GEXT7301;910001;15:35:00;CÁLCULO A UMA VARIÁVEL;0;0;TER;18:15:00;Teórica;CAMPIII202
BCC;GEXT7301;910001-B;15:35:00;CÁLCULO A UMA VARIÁVEL;5;2;QUA;17:25:00;Teórica;CAMPIII202
BCC;GEXT7301;910001;15:35:00;CÁLCULO A UMA VARIÁVEL;0;0;QUA;17:25:00;Teórica;CAMPIII202
GEL;GEXT7301;201020-B;15:35:00;CÁLCULO A UMA VARIÁVEL;5;3;QUI;17:20:00;Teórica;E-307
GEL;GEXT7301;201020-B;13:35:00;CÁLCULO A UMA VARIÁVEL;5;3;SEG;16:25:00;Teórica;H-102
GEL;GEXT7301;201020;15:35:00;CÁLCULO A UMA VARIÁVEL;0;0;QUI;17:20:00;Teórica;E-307
GEL;GEXT7301;201020;13:35:00;CÁLCULO A UMA VARIÁVEL;0;0;SEG;16:25:00;Teórica;H-102
GCIV;GEXT7301;700002-B;15:35:00;CÁLCULO A UMA VARIÁVEL;15;11;QUI;18:15:00;Teórica;H-104
GCIV;GEXT7301;700002-B;14:30:00;CÁLCULO A UMA VARIÁVEL;15;11;TER;16:25:00;Teórica;H-101
GCIV;GEXT7301;700002;15:35:00;CÁLCULO A UMA VARIÁVEL;0;0;QUI;18:15:00;Teórica;H-104
GCIV;GEXT7301;700002;14:30:00;CÁLCULO A UMA VARIÁVEL;0;0;TER;16:25:00;Teórica;H-101
GELT;GEXT7301;301020;13:35:00;CÁLCULO A UMA VARIÁVEL;0;0;SEG;16:25:00;Teórica;H-102
GELT;GEXT7301;301020;15:35:00;CÁLCULO A UMA VARIÁVEL;0;0;QUI;17:20:00;Teórica;E-307
GELT;GEXT7301;301020-B;13:35:00;CÁLCULO A UMA VARIÁVEL;5;2;SEG;16:25:00;Teórica;H-102
GELT;GEXT7301;301020-B;15:35:00;CÁLCULO A UMA VARIÁVEL;5;2;QUI;17:20:00;Teórica;E-307
GMEC;GEXT7301;101027;08:50:00;CÁLCULO A UMA VARIÁVEL;43;0;SEG;09:40:00;Teórica;H-104
GMEC;GEXT7301;101027;08:50:00;CÁLCULO A UMA VARIÁVEL;43;0;QUI;10:45:00;Teórica;H-101
GMEC;GEXT7301;101027;08:50:00;CÁLCULO A UMA VARIÁVEL;43;0;SEX;10:45:00;Teórica;H-101
GMEC;GEXT7301;101027-B;08:50:00;CÁLCULO A UMA VARIÁVEL;30;13;QUI;11:40:00;Teórica;L-35
GMEC;GEXT7301;101027-B;08:50:00;CÁLCULO A UMA VARIÁVEL;30;13;SEX;10:45:00;Teórica;L-35
GPROD;GEXT7301;400001;10:50:00;CÁLCULO A UMA VARIÁVEL;0;0;SEG;11:40:00;Teórica;H-101
GPROD;GEXT7301;400001;10:50:00;CÁLCULO A UMA VARIÁVEL;0;0;QUI;12:35:00;Teórica;H-101
GPROD;GEXT7301;400001;10:50:00;CÁLCULO A UMA VARIÁVEL;0;0;SEX;12:35:00;Teórica;H-101
GPROD;GEXT7301;400001-B;10:50:00;CÁLCULO A UMA VARIÁVEL;10;10;SEG;11:40:00;Teórica;H-101
GPROD;GEXT7301;400001-B;10:50:00;CÁLCULO A UMA VARIÁVEL;10;10;QUI;12:35:00;Teórica;H-101
GPROD;GEXT7301;400001-B;10:50:00;CÁLCULO A UMA VARIÁVEL;10;10;SEX;12:35:00;Teórica;H-101
GTEL;GEXT7301;501020;13:35:00;CÁLCULO A UMA VARIÁVEL;1;1;SEG;16:25:00;Teórica;H-101
GTEL;GEXT7301;501020;12:40:00;CÁLCULO A UMA VARIÁVEL;1;1;QUA;14:25:00;Teórica;H-101
GTEL;GEXT7301;501020-B;13:35:00;CÁLCULO A UMA VARIÁVEL;5;5;SEG;16:25:00;Teórica;H-101
GTEL;GEXT7301;501020-B;12:40:00;CÁLCULO A UMA VARIÁVEL;5;5;QUA;14:25:00;Teórica;H-101
GAUT;GEXT7302;651009;15:35:00;CÁLCULO A VÁRIAS VARIÁVEIS;25;16;QUI;17:20:00;Teórica;CAMPIII102
GAUT;GEXT7302;651009;14:30:00;CÁLCULO A VÁRIAS VARIÁVEIS;25;16;SEX;16:25:00;Teórica;E-305
BCC;GEXT7302;920001;12:40:00;CÁLCULO A VÁRIAS VARIÁVEIS;25;25;SEG;14:25:00;Teórica;CAMPIII202
BCC;GEXT7302;920001;13:35:00;CÁLCULO A VÁRIAS VARIÁVEIS;25;25;TER;15:20:00;Teórica;CAMPIII202
GEL;GEXT7302;212105;16:30:00;CÁLCULO A VÁRIAS VARIÁVEIS;25;14;SEX;18:20:00;Teórica;H-103
GEL;GEXT7302;212105;17:30:00;CÁLCULO A VÁRIAS VARIÁVEIS;25;14;QUI;19:10:00;Teórica;E-303
GCIV;GEXT7302;710001;14:30:00;CÁLCULO A VÁRIAS VARIÁVEIS;50;50;SEX;16:25:00;Teórica;H-104
GCIV;GEXT7302;710001;15:35:00;CÁLCULO A VÁRIAS VARIÁVEIS;50;50;QUI;17:20:00;Teórica;E-301
GELT;GEXT7302;312105;17:30:00;CÁLCULO A VÁRIAS VARIÁVEIS;25;15;QUI;19:10:00;Teórica;E-303
GELT;GEXT7302;312105;16:30:00;CÁLCULO A VÁRIAS VARIÁVEIS;25;15;SEX;18:20:00;Teórica;H-103
GMEC;GEXT7302;110191;07:00:00;CÁLCULO A VÁRIAS VARIÁVEIS;50;38;SEG;08:45:00;Teórica;H-104
GMEC;GEXT7302;110191;07:00:00;CÁLCULO A VÁRIAS VARIÁVEIS;50;38;TER;08:45:00;Teórica;H-104
GPROD;GEXT7302;410011;09:55:00;CÁLCULO A VÁRIAS VARIÁVEIS;50;49;SEG;11:40:00;Teórica;H-102
GPROD;GEXT7302;410011;08:50:00;CÁLCULO A VÁRIAS VARIÁVEIS;50;49;TER;10:45:00;Teórica;H-101
GTEL;GEXT7302;510106;15:35:00;CÁLCULO A VÁRIAS VARIÁVEIS;25;19;QUI;17:20:00;Teórica;CAMPIII102
GTEL;GEXT7302;510106;14:30:00;CÁLCULO A VÁRIAS VARIÁVEIS;25;19;SEX;16:25:00;Teórica;E-305
AMB;GMAD9201;130003;17:30:00;CÁLCULO BÁSICO;20;21;SEG;19:10:00;Teórica;A-303
AMB;GMAD9201;130003;19:10:00;CÁLCULO BÁSICO;20;21;QUA;20:50:00;Teórica;
GEL;GELE7304;272253;17:25:00;CÁLCULO ELÉTRICO DE LINHAS DE TRANSMISSÃO;30;8;QUI;19:10:00;Teórica;CAMPIII205
GEL;GELE7305;262514;19:10:00;CÁLCULO MECÂNICO DE LINHAS DE TRANSMISSÃO;30;16;TER;20:50:00;Teórica;H-101
GAUT;GEXT7402;652022;15:35:00;CÁLCULO NUMÉRICO;20;8;QUA;17:20:00;Teórica;L-21
GAUT;GEXT7402;652022;14:30:00;CÁLCULO NUMÉRICO;20;8;SEG;16:25:00;Prática;E-306
BCC;GEXT7402;940001;14:30:00;CÁLCULO NUMÉRICO;40;15;QUA;16:25:00;Prática;E-306
BCC;GEXT7402;940001;12:40:00;CÁLCULO NUMÉRICO;40;15;QUA;14:25:00;Teórica;E-307
GEL;GEXT7402;222202;17:25:00;CÁLCULO NUMÉRICO;20;9;QUA;19:10:00;Teórica;L-21
GEL;GEXT7402;222202;16:30:00;CÁLCULO NUMÉRICO;20;9;SEG;18:15:00;Prática;E-306
GCIV;GEXT7402;720012;14:30:00;CÁLCULO NUMÉRICO;40;40;QUA;16:25:00;Prática;CAMPIII203
GCIV;GEXT7402;720012;12:40:00;CÁLCULO NUMÉRICO;40;40;QUA;14:25:00;Prática;CAMPIII203
GELT;GEXT7402;322202;16:30:00;CÁLCULO NUMÉRICO;20;5;SEG;18:15:00;Prática;E-306
GELT;GEXT7402;322202;17:25:00;CÁLCULO NUMÉRICO;20;5;QUA;19:10:00;Teórica;L-21
GMEC;GEXT7402;120302;07:00:00;CÁLCULO NUMÉRICO;45;45;QUI;08:40:00;Teórica;E-303
GMEC;GEXT7402;120302;08:50:00;CÁLCULO NUMÉRICO;45;45;QUI;10:45:00;Prática;E-306
GPROD;GEXT7402;420068;10:50:00;CÁLCULO NUMÉRICO;45;45;TER;12:35:00;Teórica;E-305
GPROD;GEXT7402;420068;10:50:00;CÁLCULO NUMÉRICO;45;45;QUI;12:35:00;Prática;E-306
GTEL;GEXT7402;520238;14:30:00;CÁLCULO NUMÉRICO;20;7;SEG;16:25:00;Prática;E-306
GTEL;GEXT7402;520238;15:35:00;CÁLCULO NUMÉRICO;20;7;QUA;17:20:00;Teórica;L-21
GAUT;GEXT7503;652016;13:35:00;CÁLCULO VETORIAL;25;25;QUI;15:20:00;Teórica;CAMPIII102
GEL;GEXT7503;222210;16:30:00;CÁLCULO VETORIAL;25;17;QUI;18:15:00;Teórica;L-21
GCIV;GEXT7503;720011;15:35:00;CÁLCULO VETORIAL;50;50;QUI;17:20:00;Teórica;L-31
GELT;GEXT7503;322210;16:30:00;CÁLCULO VETORIAL;25;12;QUI;18:15:00;Teórica;L-21
GMEC;GEXT7503;120264;10:50:00;CÁLCULO VETORIAL;50;50;QUI;12:35:00;Teórica;E-301
GPROD;GEXT7503;420064;10:50:00;CÁLCULO VETORIAL;50;29;QUA;12:35:00;Teórica;H-103
GTEL;GEXT7503;520173;13:35:00;CÁLCULO VETORIAL;25;15;QUI;15:20:00;Teórica;CAMPIII102
BCC;GCC1209;920010;18:20:00;CIÊNCIAS AMBIENTAIS;25;14;SEG;20:00:00;Teórica;PAV1SALA03
WEB;GTSI1425;680065;18:20:00;CIÊNCIAS AMBIENTAIS;30;21;SEG;20:00:00;Teórica;PAV1SALA02
GAUT;GEXT7201;654319;15:35:00;CIÊNCIAS DO AMBIENTE;20;8;QUI;17:20:00;Teórica;H-102
GEL;GEXT7201;242319;15:35:00;CIÊNCIAS DO AMBIENTE;25;17;QUI;17:20:00;Teórica;H-102
GCIV;GEXT7201;710007;13:35:00;CIÊNCIAS DO AMBIENTE;45;38;TER;15:20:00;Teórica;CAMPIII201
GELT;GEXT7201;342319;13:35:00;CIÊNCIAS DO AMBIENTE;25;18;QUI;15:20:00;Teórica;H-102
GMEC;GEXT7201;140002;15:35:00;CIÊNCIAS DO AMBIENTE;55;18;SEG;17:20:00;Teórica;E-307
GPROD;GEXT7201;440081;12:40:00;CIÊNCIAS DO AMBIENTE;55;44;SEG;14:25:00;Teórica;L-22
GTEL;GEXT7201;540319;15:35:00;CIÊNCIAS DO AMBIENTE;20;7;QUI;17:20:00;Teórica;H-102
GAUT;GELE7051;653029;12:40:00;CIRCUITOS ELÉTRICOS I;30;19;TER;16:25:00;Teórica;H-102
GAUT;GELE7051;653029;12:40:00;CIRCUITOS ELÉTRICOS I;30;19;SEG;14:25:00;Prática;SALA E-211
GELT;GELE7051;332290;12:40:00;CIRCUITOS ELÉTRICOS I;25;11;TER;16:25:00;Teórica;H-102
GELT;GELE7051;332290;15:35:00;CIRCUITOS ELÉTRICOS I;25;11;SEG;17:20:00;Prática;SALA E-211
GEL;GELE7051;232289;12:40:00;CIRCUITOS ELÉTRICOS I;30;11;TER;16:25:00;Teórica;H-102
GEL;GELE7051;232289;15:35:00;CIRCUITOS ELÉTRICOS I;30;11;SEG;17:20:00;Prática;SALA E-211
GTEL;GELE7051;530271;12:40:00;CIRCUITOS ELÉTRICOS I;50;20;SEG;14:25:00;Prática;SALA E-211
GTEL;GELE7051;530271;12:40:00;CIRCUITOS ELÉTRICOS I;50;20;TER;16:25:00;Teórica;H-102
GAUT;GELE7061;654034;12:40:00;CIRCUITOS ELÉTRICOS II;30;16;SEX;14:25:00;Prática;SALA E-211
GAUT;GELE7061;654034;12:40:00;CIRCUITOS ELÉTRICOS II;30;16;QUI;15:20:00;Teórica;H-104
GELT;GELE7061;342322;12:40:00;CIRCUITOS ELÉTRICOS II;25;22;SEX;14:25:00;Prática;SALA E-211
GELT;GELE7061;342322;12:40:00;CIRCUITOS ELÉTRICOS II;25;22;QUI;15:20:00;Teórica;H-104
GEL;GELE7061;242321;12:40:00;CIRCUITOS ELÉTRICOS II;25;17;SEX;14:25:00;Prática;SALA E-211
GEL;GELE7061;242321;12:40:00;CIRCUITOS ELÉTRICOS II;25;17;QUI;15:20:00;Teórica;H-104
GTEL;GELE7061;540315;12:40:00;CIRCUITOS ELÉTRICOS II;50;8;QUI;15:20:00;Teórica;H-104
GTEL;GELE7061;540315;12:40:00;CIRCUITOS ELÉTRICOS II;50;8;SEX;14:25:00;Prática;SALA E-211
GELT;GELE7183;372555;13:35:00;CIRCUITOS INTEGRADOS;25;2;SEX;15:20:00;Teórica;SALA E-214
GELT;GELE7183;372555;15:35:00;CIRCUITOS INTEGRADOS;25;2;SEX;17:20:00;Prática;SALA E-214
BCC;GCC1730;901730;14:30:00;COMPILADORES;25;6;QUA;18:15:00;Teórica;PAV1SALA03
WEB;GTSI1410;601410;14:30:00;COMPILADORES;25;5;QUA;18:15:00;Teórica;PAV1SALA03
GMEC;GMEC7615;100003;18:20:00;COMPÓSITOS E ADESIVOS;30;30;QUA;21:50:00;Teórica;D-304
GAUT;GEXT7401;651015;08:50:00;COMPUTAÇÃO;40;29;QUI;12:35:00;Prática;PAV01LAB03
GAMB;GEAMB1105;162007;;COMPUTAÇÃO;50;0;;;;
GEL;GEXT7401;212122;08:50:00;COMPUTAÇÃO;14;3;QUI;10:45:00;Teórica;PAVILHÃO 1
GEL;GEXT7401;212122;14:30:00;COMPUTAÇÃO;14;3;TER;16:25:00;Teórica;PAV01LAB03
GEL;GEXT7401;212121;12:40:00;COMPUTAÇÃO;13;12;QUI;14:25:00;Teórica;PAV01LAB03
GEL;GEXT7401;212121;11:45:00;COMPUTAÇÃO;13;12;TER;13:30:00;Teórica;PAV01LAB03
GCIV;GEXT7401;700009;13:35:00;COMPUTAÇÃO;40;38;SEG;17:20:00;Teórica;PAV01LAB03
GELT;GEXT7401;312121;14:30:00;COMPUTAÇÃO;13;5;TER;16:25:00;Teórica;PAV01LAB03
GELT;GEXT7401;312121;08:50:00;COMPUTAÇÃO;13;5;QUI;10:45:00;Teórica;PAVILHÃO 1
GELT;GEXT7401;312122;11:45:00;COMPUTAÇÃO;13;10;TER;13:30:00;Teórica;PAV01LAB03
GELT;GEXT7401;312122;12:40:00;COMPUTAÇÃO;13;10;QUI;14:25:00;Teórica;PAV01LAB03
GMEC;GEXT7401;110230;08:50:00;COMPUTAÇÃO;40;39;TER;10:45:00;Teórica;PAV1SALA01
GMEC;GEXT7401;110230;10:50:00;COMPUTAÇÃO;40;39;QUI;12:35:00;Teórica;LAB-1
GPROD;GEXT7401;410054;10:50:00;COMPUTAÇÃO;40;34;TER;12:35:00;Teórica;LAB-1
GPROD;GEXT7401;410054;07:00:00;COMPUTAÇÃO;40;34;QUI;08:45:00;Teórica;LAB-1
GTEL;GEXT7401;510114;11:45:00;COMPUTAÇÃO;14;7;TER;13:30:00;Teórica;PAV01LAB03
GTEL;GEXT7401;510114;12:40:00;COMPUTAÇÃO;14;7;QUI;14:25:00;Teórica;PAV01LAB03
GTEL;GEXT7401;510115;14:30:00;COMPUTAÇÃO;13;6;TER;16:25:00;Teórica;PAV01LAB03
GTEL;GEXT7401;510115;08:50:00;COMPUTAÇÃO;13;6;QUI;10:45:00;Teórica;PAVILHÃO 1
GCIV;GCIV8502;740034;16:30:00;COMPUTAÇÃO GRÁFICA;20;20;SEX;19:10:00;Prática;D.LABCIVIL
GCIV;GCIV8502;740030;14:30:00;COMPUTAÇÃO GRÁFICA;20;20;TER;17:20:00;Prática;D.LABCIVIL
BCC;GCC1731;971731;18:20:00;COMPUTAÇÃO GRÁFICA;25;4;TER;21:50:00;Teórica;PAV1LAB4
WEB;GTSI1408;601408;18:20:00;COMPUTAÇÃO GRÁFICA;25;2;TER;21:40:00;Teórica;PAV1LAB4
GTEL;GELE7327;500011;15:35:00;COMUNICAÇÕES MÓVEIS;30;11;TER;18:15:00;Teórica;L-32
GTEL;GELE7208;500012;17:25:00;COMUNICAÇÕES ÓTICAS;30;10;SEX;19:10:00;Prática;E202
GTEL;GELE7208;500012;19:10:00;COMUNICAÇÕES ÓTICAS;30;10;SEX;20:50:00;Teórica;E-305
GTEL;GELE7343;507343;14:30:00;COMUNICAÇÕES VIA SATÉLITE;30;6;TER;17:20:00;Teórica;E-215
BCC;GCC1735;901735;;CONCEPÇÃO E ELABORAÇÃO DE PROJETO FINAL;25;8;;;;
WEB;GTSI1256;640017;;CONCEPÇÃO E ELABORAÇÃO DE PROJETO FINAL;40;3;;;;
GCIV;GCIV0830;700830;20:00:00;CONCRETO PROTENDIDO;20;3;TER;21:50:00;Teórica;D-202
GPROD;GPRO7831;450082;09:55:00;CONFIABILIDADE ESTRUTURAL;40;40;TER;12:35:00;Teórica;E-301
GMEC;GMEC7105;170599;19:11:00;CONSTRUÇÃO DE MÁQUINAS;50;45;QUA;22:41:00;Teórica;E-305
GPROD;GPRO7811;450085;07:00:00;CONTABILIDADE GERENCIAL;40;40;QUA;09:40:00;Teórica;E-301
AMB;GEDA9215;130011;19:10:00;CONTROLE DE POLUIÇÃO I;60;20;QUA;22:40:00;Teórica;
AMB;GEDA9220;130022;17:30:00;CONTROLE DE POLUIÇÃO II;60;19;QUI;19:10:00;Teórica;A-301
AMB;GEDA9220;130022;17:30:00;CONTROLE DE POLUIÇÃO II;60;19;QUA;19:10:00;Teórica;A-301
GAUT;GELE7191;657001;17:20:00;CONTROLE DIGITAL;30;4;SEG;20:00:00;Teórica;L-34
GAUT;GELE7332;657003;16:30:00;CONTROLE NÃO-LINEAR;20;4;TER;19:10:00;Teórica;CAMPIII204
GAUT;GELE7336;658002;18:20:00;CONTROLE ROBUSTO E ADAPTATIVO;30;5;SEG;20:50:00;Teórica;D-304
GAUT;GELE7181;656003;14:30:00;CONTROLES E SERVOMECANISMO II;20;8;TER;16:25:00;Prática;E-215
GAUT;GELE7181;656003;12:40:00;CONTROLES E SERVOMECANISMO II;20;8;TER;14:25:00;Teórica;CAMPIII203
GEL;GELE7181;272547;14:30:00;CONTROLES E SERVOMECANISMO II;25;19;TER;16:25:00;Prática;E-215
GEL;GELE7181;272547;12:40:00;CONTROLES E SERVOMECANISMO II;25;19;TER;14:25:00;Teórica;CAMPIII203
GELT;GELE7181;362559;12:40:00;CONTROLES E SERVOMECANISMO II;25;9;TER;14:25:00;Teórica;CAMPIII203
GELT;GELE7181;362559;14:30:00;CONTROLES E SERVOMECANISMO II;25;9;TER;16:25:00;Prática;E-215
GAUT;GELE7171;655042;14:30:00;CONTROLES E SERVOMECANISMOS I;30;10;QUI;16:25:00;Prática;
GAUT;GELE7171;655042;12:40:00;CONTROLES E SERVOMECANISMOS I;30;10;QUI;14:25:00;Teórica;CAMPIII203
GEL;GELE7171;252480;14:30:00;CONTROLES E SERVOMECANISMOS I;30;21;QUI;16:25:00;Prática;CAMPIII203
GEL;GELE7171;252480;12:40:00;CONTROLES E SERVOMECANISMOS I;30;21;QUI;14:25:00;Teórica;CAMPIII203
GELT;GELE7171;352480;12:40:00;CONTROLES E SERVOMECANISMOS I;25;12;QUI;14:25:00;Teórica;CAMPIII203
GELT;GELE7171;352480;14:30:00;CONTROLES E SERVOMECANISMOS I;25;12;QUI;16:25:00;Prática;
GTEL;GELE7171;550481;12:40:00;CONTROLES E SERVOMECANISMOS I;21;19;SEG;16:25:00;Teórica;L-21
GAUT;GELE7064;655040;12:40:00;CONVERSÃO DE ENERGIA I;30;5;SEG;14:25:00;Teórica;E-303
GAUT;GELE7064;655040;12:40:00;CONVERSÃO DE ENERGIA I;30;5;QUA;14:25:00;Prática;
GELT;GELE7064;362558;14:30:00;CONVERSÃO DE ENERGIA I;25;4;QUA;16:25:00;Prática;
GELT;GELE7064;362558;12:40:00;CONVERSÃO DE ENERGIA I;25;4;SEG;14:25:00;Teórica;E-303
GEL;GELE7064;252438;14:30:00;CONVERSÃO DE ENERGIA I;50;11;SEX;16:25:00;Prática;
GEL;GELE7064;252438;12:40:00;CONVERSÃO DE ENERGIA I;50;11;SEG;14:25:00;Teórica;E-303
GTEL;GELE7064;560477;12:40:00;CONVERSÃO DE ENERGIA I;25;10;SEG;14:25:00;Teórica;E-303
GTEL;GELE7064;560477;14:30:00;CONVERSÃO DE ENERGIA I;25;10;QUA;16:25:00;Prática;
GEL;GELE7074;282700;12:40:00;CONVERSÃO DE ENERGIA II;50;7;SEX;14:25:00;Prática;LAB 1
GEL;GELE7074;282700;14:30:00;CONVERSÃO DE ENERGIA II;50;7;SEG;16:25:00;Teórica;L-22
GEL;GELE7063;252420;19:10:00;CORRENTE ALTERNADA I;30;21;TER;21:50:00;Teórica;D-318
GEL;GELE7075;262503;21:00:00;CORRENTE ALTERNADA II;50;15;QUI;22:40:00;Prática;
GEL;GELE7075;262503;19:11:00;CORRENTE ALTERNADA II;50;15;QUI;20:51:00;Teórica;L-21
GLEA;GLEA1637;011637;08:50:00;CULTURA DOS PAÍSES DE LÍNGUA INGLESA;40;8;QUA;10:45:00;Teórica;CAMPIII202
GLEA;GLEA1425;010017;10:50:00;CULTURA HISPÂNICA;40;20;TER;12:35:00;Teórica;CAMPIII201
GPROD;GPRO7806;460096;09:55:00;CUSTOS INDUSTRIAIS;40;40;QUA;12:35:00;Teórica;L-21
GCIV;GCIV8103;700018;15:35:00;DESENHO;44;1;SEG;18:10:00;Teórica;
GCIV;GCIV8103;700010;15:35:00;DESENHO;10;0;SEG;18:10:00;Prática;
GCIV;GCIV8103;700018;14:30:00;DESENHO;44;1;SEG;15:25:00;Teórica;
GCIV;GCIV8103;700010;14:30:00;DESENHO;10;0;SEG;15:25:00;Prática;
GAUT;GDES7001;650001;12:40:00;DESENHO;38;18;QUI;16:25:00;Teórica;E-318
GAMB;GEAMB1101;162003;;DESENHO;50;0;;;;
GELT;GDES7001;301024;12:40:00;DESENHO;36;9;TER;16:25:00;Prática;E-318
GEL;GDES7001;201024;12:40:00;DESENHO;23;10;TER;16:25:00;Prática;E-308
GMEC;GDES7001;101020;07:00:00;DESENHO;26;4;TER;10:35:00;Prática;E-318
GMEC;GDES7001;101023;07:00:00;DESENHO;30;7;TER;10:35:00;Prática;E-308
GPROD;GDES7001;400006;07:00:00;DESENHO;57;11;QUI;10:45:00;Prática;E-318
GPROD;GDES7001;410006;07:00:00;DESENHO;8;0;QUI;10:45:00;Prática;E-308
GTEL;GDES7001;501023;12:40:00;DESENHO;12;8;QUI;16:25:00;Prática;E-308
GMEC;GDES7201;101025;09:40:00;DESENHO DE MÁQUINAS;30;15;SEG;12:35:00;Prática;E-318
GMEC;GDES7201;140414;09:40:00;DESENHO DE MÁQUINAS;30;10;SEG;12:35:00;Prática;E-308
GCIV;GCIV8202;710008;18:20:00;DESENHO TÉCNICO;25;24;QUI;20:50:00;Teórica;E-318
GCIV;GCIV8202;710076;18:20:00;DESENHO TÉCNICO;25;10;QUA;20:50:00;Prática;E-308
AMB;GMAD9204;130006;19:10:00;DESENHO TÉCNICO APLICADO;20;4;SEX;22:40:00;Teórica;
GAUT;GDES7002;653024;12:40:00;DESENHO TÉCNICO I;30;30;SEG;15:20:00;Prática;E-308
GELT;GDES7002;332254;12:40:00;DESENHO TÉCNICO I;30;25;QUA;15:25:00;Prática;E-318
GEL;GDES7002;232254;12:40:00;DESENHO TÉCNICO I;30;30;SEG;15:20:00;Prática;E-318
GMEC;GDES7002;101026;08:50:00;DESENHO TÉCNICO I;30;17;QUA;11:40:00;Prática;E-318
GMEC;GDES7002;130370;08:50:00;DESENHO TÉCNICO I;30;16;QUA;11:40:00;Teórica;E-308
GPROD;GDES7002;430073;08:50:00;DESENHO TÉCNICO I;30;24;SEX;11:40:00;Teórica;E-308
GPROD;GDES7002;440084;08:50:00;DESENHO TÉCNICO I;30;10;SEX;11:40:00;Prática;E-318
GTEL;GDES7002;530301;12:40:00;DESENHO TÉCNICO I;30;25;QUA;15:20:00;Prática;E-308
GELT;GDES7101;342373;16:30:00;DESENHO TÉCNICO II;20;1;QUA;19:10:00;Prática;E-308
GEL;GDES7101;232255;16:30:00;DESENHO TÉCNICO II;20;12;QUA;19:10:00;Prática;E-308
GTEL;GDES7101;500009;16:30:00;DESENHO TÉCNICO II;20;1;QUA;19:10:00;Prática;E-308
GPROD;GPRO7844;407844;08:50:00;DESENVOLVIMENTO DE EMBALAGENS;15;4;QUI;11:40:00;Teórica;L-32
GLEA;GLEA1078;011078;07:00:00;DESENVOLVIMENTO E POLÍTICA EXTERNA COMPARADA:MÉXICO,ARGENTINA E BRASIL;40;1;QUA;08:45:00;Teórica;CAMPIII202
GMEC;GMEC7002;107002;13:35:00;DINÂMICA;40;18;SEG;15:20:00;Teórica;L-35
GMEC;GMEC7002;107002;12:40:00;DINÂMICA;40;18;SEX;14:25:00;Teórica;L-34
GMEC;GMEC7002;130337;10:50:00;DINÂMICA;40;24;SEG;12:35:00;Teórica;E-305
GMEC;GMEC7002;130337;13:35:00;DINÂMICA;40;24;TER;15:20:00;Teórica;E-303
GMEC;GMEC7102;150511;15:35:00;DINÂMICA DAS MÁQUINAS;50;48;QUI;18:15:00;Teórica;E-318
GLEA;GLEA1216;010008;08:50:00;DIREITO APLICADO I;40;32;SEG;11:40:00;Teórica;L-32
GLEA;GLEA1079;011079;12:40:00;DIREITO EMPRESARIAL;40;3;QUA;14:25:00;Teórica;L-21
GELT;GELE7322;382564;19:10:00;DISPOSITIVOS REPROGRAMÁVEIS;25;18;QUI;20:00:00;Teórica;SALA E-214
GELT;GELE7322;382564;20:00:00;DISPOSITIVOS REPROGRAMÁVEIS;25;18;QUI;21:50:00;Prática;SALA E-214
GEL;GELE7312;282701;18:20:00;DISTRIBUIÇÃO E PLANEJAMENTO;30;5;QUA;20:50:00;Teórica;D-312
GEL;GELE7309;282559;18:20:00;DISTRIBUIÇÃO PROJETO E EQUIPAMENTOS;30;9;SEG;20:50:00;Teórica;D-318
AMB;GEDA9214;130014;18:20:00;ECOLOGIA;60;24;TER;20:00:00;Teórica;A-305
AMB;GEDA9214;130014;17:30:00;ECOLOGIA;60;24;SEX;19:10:00;Teórica;A-305
GCIV;GCIV8401;730025;14:30:00;ECONOMIA;40;40;SEX;16:25:00;Teórica;L-22
GAUT;GEDA7101;658005;16:30:00;ECONOMIA;40;16;QUA;18:15:00;Teórica;CAMPIII203
GELT;GEDA7101;372554;16:30:00;ECONOMIA;40;14;SEG;18:15:00;Teórica;H-104
GEL;GEDA7101;272554;16:30:00;ECONOMIA;40;18;QUA;18:15:00;Teórica;CAMPIII203
GMEC;GEDA7101;120304;16:30:00;ECONOMIA;52;45;SEG;18:15:00;Teórica;H-104
GTEL;GEDA7101;570532;17:25:00;ECONOMIA;40;18;TER;19:10:00;Teórica;L-23
WEB;GADM7756;600014;12:40:00;ECONOMIA BRASILEIRA;10;8;SEX;14:25:00;Teórica;L-22
BCC;GCC1841;981841;;ELABORAÇÃO E CONSTRUÇÃO DE PROJETO FINAL;25;5;;;;
WEB;GTSI1265;690010;;ELABORAÇÃO E CONSTRUÇÃO DE PROJETO FINAL;25;15;;;;
GMEC;GMEC7103;140457;08:50:00;ELEMENTOS DE MÁQUINAS I;50;33;TER;10:45:00;Teórica;L-35
GMEC;GMEC7103;140457;09:55:00;ELEMENTOS DE MÁQUINAS I;50;33;QUI;11:40:00;Teórica;L-34
GMEC;GMEC7104;170301;12:40:00;ELEMENTOS DE MÁQUINAS II;50;35;TER;14:25:00;Teórica;L-22
GMEC;GMEC7104;170301;08:50:00;ELEMENTOS DE MÁQUINAS II;50;35;SEX;10:45:00;Teórica;L-31
GELT;GELE7345;300078;10:50:00;ELEMENTOS DE ÓPTICA INTEGRADA E FOTÔNICA;15;0;QUI;13:30:00;Teórica;SALA E-214
GMEC;GELE7043;170300;13:35:00;ELETRICIDADE APLICADA;50;37;SEX;15:20:00;Teórica;CAMPIII202
GMEC;GELE7043;170300;15:35:00;ELETRICIDADE APLICADA;50;37;SEX;17:20:00;Prática;CAMPIII202
GAUT;GEXT7003;652019;14:30:00;ELETRICIDADE BÁSICA;25;25;SEX;16:25:00;Prática;H-103
GAUT;GEXT7003;652019;12:40:00;ELETRICIDADE BÁSICA;25;25;QUA;15:20:00;Teórica;H-104
GEL;GEXT7003;222180;14:30:00;ELETRICIDADE BÁSICA;25;25;SEX;16:25:00;Teórica;E-307
GEL;GEXT7003;222180;12:40:00;ELETRICIDADE BÁSICA;25;25;QUA;15:20:00;Teórica;E-305
GCIV;GEXT7003;720013;12:40:00;ELETRICIDADE BÁSICA;50;50;SEX;14:25:00;Prática;H-101
GCIV;GEXT7003;720013;12:40:00;ELETRICIDADE BÁSICA;50;50;SEG;15:20:00;Teórica;CAMPIII102
GELT;GEXT7003;322180;12:40:00;ELETRICIDADE BÁSICA;25;25;QUA;15:20:00;Teórica;E-305
GELT;GEXT7003;322180;14:30:00;ELETRICIDADE BÁSICA;25;25;SEX;16:25:00;Teórica;E-307
GMEC;GEXT7003;120303;07:00:00;ELETRICIDADE BÁSICA;50;50;TER;08:45:00;Teórica;
GMEC;GEXT7003;120303;09:55:00;ELETRICIDADE BÁSICA;50;50;QUA;12:35:00;Teórica;E-303
GPROD;GEXT7003;420063;10:50:00;ELETRICIDADE BÁSICA;50;37;SEG;13:30:00;Teórica;E-307
GPROD;GEXT7003;420063;08:50:00;ELETRICIDADE BÁSICA;50;37;QUI;10:45:00;Teórica;H-103
GTEL;GEXT7003;520203;12:40:00;ELETRICIDADE BÁSICA;25;5;QUA;15:20:00;Prática;H-104
GTEL;GEXT7003;520203;14:30:00;ELETRICIDADE BÁSICA;25;5;SEX;16:25:00;Teórica;H-103
GPROD;GELE7178;430072;08:50:00;ELETRICIDADE/ELETRÔNICA;57;33;QUA;11:40:00;Teórica;L-32
GPROD;GELE7178;430072;11:45:00;ELETRICIDADE/ELETRÔNICA;57;33;QUA;13:30:00;Teórica;E-212
GAUT;GELE7052;655050;16:30:00;ELETROMAGNETISMO I;30;19;SEG;19:10:00;Teórica;H-103
GELT;GELE7052;352411;16:30:00;ELETROMAGNETISMO I;25;18;SEG;19:10:00;Teórica;L-22
GEL;GELE7052;242330;16:30:00;ELETROMAGNETISMO I;26;22;SEG;19:10:00;Teórica;H-103
GTEL;GELE7052;550404;16:30:00;ELETROMAGNETISMO I;15;14;SEG;19:10:00;Teórica;L-22
GAUT;GELE7062;656002;16:30:00;ELETROMAGNETISMO II;20;11;TER;19:10:00;Teórica;H-104
GELT;GELE7062;362552;16:30:00;ELETROMAGNETISMO II;25;8;TER;19:10:00;Teórica;L-34
GEL;GELE7062;252411;16:30:00;ELETROMAGNETISMO II;55;15;TER;19:10:00;Teórica;H-104
GTEL;GELE7062;562552;16:30:00;ELETROMAGNETISMO II;25;1;TER;19:10:00;Teórica;L-34
GEL;GELE7175;262536;16:30:00;ELETRÔNICA APLICADA;30;8;SEX;18:15:00;Prática;E-212
GEL;GELE7175;262536;14:30:00;ELETRÔNICA APLICADA;30;8;SEX;16:25:00;Teórica;E-303
GAUT;GELE7163;653034;12:40:00;ELETRÔNICA DIGITAL;50;13;QUI;14:25:00;Prática;
GAUT;GELE7163;653034;12:40:00;ELETRÔNICA DIGITAL;50;13;QUA;15:20:00;Teórica;
GELT;GELE7163;333266;12:40:00;ELETRÔNICA DIGITAL;25;7;QUI;14:25:00;Prática;
GELT;GELE7163;333266;12:40:00;ELETRÔNICA DIGITAL;25;7;QUA;15:20:00;Teórica;
GEL;GELE7163;233266;14:30:00;ELETRÔNICA DIGITAL;30;10;QUI;16:25:00;Prática;
GEL;GELE7163;233266;12:40:00;ELETRÔNICA DIGITAL;30;10;QUA;15:20:00;Teórica;
GTEL;GELE7163;530261;12:40:00;ELETRÔNICA DIGITAL;50;17;QUA;15:20:00;Teórica;
GTEL;GELE7163;530261;14:30:00;ELETRÔNICA DIGITAL;50;17;QUI;16:25:00;Prática;
GAUT;GELE7151;654032;12:40:00;ELETRÔNICA I;25;18;TER;14:25:00;Teórica;E-305
GAUT;GELE7151;654032;14:30:00;ELETRÔNICA I;25;18;TER;16:25:00;Prática;SALA E-211
GELT;GELE7151;342349;14:30:00;ELETRÔNICA I;25;24;TER;16:25:00;Prática;SALA E-211
GELT;GELE7151;342349;12:40:00;ELETRÔNICA I;25;24;TER;14:25:00;Teórica;E-305
GEL;GELE7151;242350;16:30:00;ELETRÔNICA I;25;11;TER;18:15:00;Prática;SALA E-211
GEL;GELE7151;242350;12:40:00;ELETRÔNICA I;25;11;TER;14:25:00;Teórica;E-305
GTEL;GELE7151;540331;12:40:00;ELETRÔNICA I;25;11;TER;14:25:00;Teórica;E-305
GTEL;GELE7151;540331;14:30:00;ELETRÔNICA I;25;11;TER;16:25:00;Prática;SALA E-211
GAUT;GELE7164;655041;16:30:00;ELETRÔNICA II;30;4;QUI;18:15:00;Teórica;H-101
GAUT;GELE7164;655041;12:40:00;ELETRÔNICA II;30;4;QUA;14:25:00;Prática;SALA E-211
GELT;GELE7164;352462;16:30:00;ELETRÔNICA II;25;11;QUI;18:15:00;Teórica;H-101
GELT;GELE7164;352462;12:40:00;ELETRÔNICA II;25;11;QUA;14:25:00;Prática;SALA E-211
GEL;GELE7164;252454;16:30:00;ELETRÔNICA II;25;19;QUI;18:15:00;Teórica;H-101
GEL;GELE7164;252454;14:30:00;ELETRÔNICA II;25;19;QUA;16:25:00;Prática;SALA E-211
GTEL;GELE7164;550420;14:30:00;ELETRÔNICA II;50;10;QUA;16:25:00;Prática;SALA E-211
GTEL;GELE7164;550420;16:30:00;ELETRÔNICA II;50;10;QUI;18:15:00;Teórica;H-101
GAUT;GELE7172;656006;16:30:00;ELETRÔNICA III;30;8;SEX;18:15:00;Prática;
GAUT;GELE7172;656006;14:30:00;ELETRÔNICA III;30;8;SEX;16:25:00;Teórica;E-303
GELT;GELE7172;362569;14:30:00;ELETRÔNICA III;25;11;SEX;16:25:00;Teórica;E-303
GELT;GELE7172;362569;16:30:00;ELETRÔNICA III;25;11;SEX;18:15:00;Prática;
GTEL;GELE7172;560488;14:30:00;ELETRÔNICA III;50;10;SEX;16:25:00;Teórica;E-303
GTEL;GELE7172;560488;16:30:00;ELETRÔNICA III;50;10;SEX;18:15:00;Prática;
GAUT;GELE7326;657005;19:10:00;ELETRÔNICA INDUSTRIAL;20;4;QUI;20:50:00;Teórica;E 201
GAUT;GELE7326;657005;12:40:00;ELETRÔNICA INDUSTRIAL;20;4;QUI;14:25:00;Prática;E 201
GEL;GELE7182;272558;19:11:00;ELETRÔNICA INDUSTRIAL;25;5;QUI;20:51:00;Teórica;E 201
GEL;GELE7182;272558;12:40:00;ELETRÔNICA INDUSTRIAL;25;5;QUI;14:25:00;Prática;E 201
GELT;GELE7326;372553;12:40:00;ELETRÔNICA INDUSTRIAL;25;5;QUI;14:25:00;Prática;E-212
GELT;GELE7326;372553;19:10:00;ELETRÔNICA INDUSTRIAL;25;5;QUI;20:50:00;Teórica;E 201
BCC;GCC1313;930006;13:30:00;EMPREENDEDORISMO;25;17;SEG;15:20:00;Teórica;PAV1SALA01
WEB;GTSI1434;674390;20:00:00;EMPREENDEDORISMO;40;10;TER;21:40:00;Teórica;PAV1SALA03
GPROD;GPRO7202;420066;08:50:00;ENGENHARIA DE MÉTODOS;50;42;SEX;12:35:00;Teórica;L-34
BCC;GCC1312;930005;18:20:00;ENGENHARIA DE REQUISITOS;25;18;SEG;21:50:00;Teórica;PAV1SALA01
WEB;GTSI1431;630010;18:20:00;ENGENHARIA DE REQUISITOS;25;11;SEG;21:50:00;Teórica;PAV1SALA01
BCC;GCC1521;951521;18:20:00;ENGENHARIA DE SOFTWARE;25;10;QUA;21:50:00;Teórica;PAV1SALA02
WEB;GTSI1253;600016;18:20:00;ENGENHARIA DE SOFTWARE;25;2;QUA;21:50:00;Teórica;PAV1SALA02
GCIV;GCIV0806;700013;18:20:00;ENGENHARIA DE TRÁFEGO;20;8;SEG;20:00:00;Teórica;D-210
GPROD;GPRO7702;477702;17:25:00;ENGENHARIA ECONÔMICA;40;40;TER;20:00:00;Teórica;E-313
GLEA;GLEA1095;011095;07:00:00;ENSINO INTERCULTURAL DE LÍNGUAS ESTRANGEIRAS;40;2;SEX;08:45:00;Teórica;
GAUT;GEXT7303;652018;16:30:00;EQUAÇÕES DIFERENCIAIS ORDINÁRIAS;25;15;TER;18:15:00;Teórica;L-35
GAUT;GEXT7303;652018;16:30:00;EQUAÇÕES DIFERENCIAIS ORDINÁRIAS;25;15;QUI;18:15:00;Teórica;L-34
BCC;GEXT7303;930001;14:30:00;EQUAÇÕES DIFERENCIAIS ORDINÁRIAS;30;30;SEX;16:25:00;Teórica;H-101
BCC;GEXT7303;930001;16:30:00;EQUAÇÕES DIFERENCIAIS ORDINÁRIAS;30;30;SEX;18:15:00;Teórica;H-101
GEL;GEXT7303;222229;14:30:00;EQUAÇÕES DIFERENCIAIS ORDINÁRIAS;25;15;QUI;16:25:00;Teórica;L-21
GEL;GEXT7303;222229;15:35:00;EQUAÇÕES DIFERENCIAIS ORDINÁRIAS;25;15;QUA;17:20:00;Teórica;H-104
GCIV;GEXT7303;720010;14:30:00;EQUAÇÕES DIFERENCIAIS ORDINÁRIAS;50;50;TER;16:25:00;Teórica;L-22
GCIV;GEXT7303;720010;15:35:00;EQUAÇÕES DIFERENCIAIS ORDINÁRIAS;50;50;SEG;17:20:00;Teórica;E-305
GELT;GEXT7303;322229;15:35:00;EQUAÇÕES DIFERENCIAIS ORDINÁRIAS;25;12;QUA;17:20:00;Teórica;H-104
GELT;GEXT7303;322229;14:30:00;EQUAÇÕES DIFERENCIAIS ORDINÁRIAS;25;12;QUI;16:25:00;Teórica;L-21
GMEC;GEXT7303;120301;10:50:00;EQUAÇÕES DIFERENCIAIS ORDINÁRIAS;55;55;TER;12:35:00;Teórica;H-103
GMEC;GEXT7303;120301;07:00:00;EQUAÇÕES DIFERENCIAIS ORDINÁRIAS;55;55;QUA;08:45:00;Teórica;H-103
GPROD;GEXT7303;420069;08:50:00;EQUAÇÕES DIFERENCIAIS ORDINÁRIAS;55;55;TER;10:45:00;Teórica;H-103
GPROD;GEXT7303;420069;08:50:00;EQUAÇÕES DIFERENCIAIS ORDINÁRIAS;55;55;QUA;10:45:00;Teórica;H-103
GTEL;GEXT7303;520190;16:30:00;EQUAÇÕES DIFERENCIAIS ORDINÁRIAS;25;15;TER;18:15:00;Teórica;L-35
GTEL;GEXT7303;520190;16:30:00;EQUAÇÕES DIFERENCIAIS ORDINÁRIAS;25;15;QUI;18:15:00;Teórica;L-34
GAUT;GEXT7304;653032;15:35:00;EQUAÇÕES DIFERENCIAIS PARCIAIS E SÉRIES;25;22;SEG;18:15:00;Teórica;CAMPIII102
GEL;GEXT7304;233265;12:40:00;EQUAÇÕES DIFERENCIAIS PARCIAIS E SÉRIES;25;12;SEG;15:20:00;Teórica;H-104
GCIV;GEXT7304;730019;13:35:00;EQUAÇÕES DIFERENCIAIS PARCIAIS E SÉRIES;50;21;TER;16:25:00;Teórica;E-307
GELT;GEXT7304;333265;12:40:00;EQUAÇÕES DIFERENCIAIS PARCIAIS E SÉRIES;25;9;SEG;15:20:00;Teórica;H-104
GMEC;GEXT7304;130362;08:50:00;EQUAÇÕES DIFERENCIAIS PARCIAIS E SÉRIES;50;49;QUI;11:40:00;Teórica;H-104
GPROD;GEXT7304;430079;09:55:00;EQUAÇÕES DIFERENCIAIS PARCIAIS E SÉRIES;50;31;QUI;12:35:00;Teórica;CAMPIII102
GTEL;GEXT7304;530260;15:35:00;EQUAÇÕES DIFERENCIAIS PARCIAIS E SÉRIES;25;25;SEG;18:15:00;Teórica;CAMPIII102
GPROD;GPRO7203;450084;07:00:00;ERGONOMIA;40;38;SEX;09:40:00;Teórica;E-307
GEL;GELE7314;292574;19:10:00;ESTABILIDADE EM SISTEMAS DE POTÊNCIAS;30;10;QUI;21:50:00;Teórica;D-310
GMEC;GMEC1601;180610;;Estágio Supervisionado;50;0;;;;
BCC;GCC1838;901838;;ESTÁGIO SUPERVISIONADO;25;6;;;;
AMB;GEDA9226;130081;;ESTÁGIO SUPERVISIONADO;60;17;;;;
GEL;GELE7094;282561;;ESTÁGIO SUPERVISIONADO;100;13;;;;
GELT;GELE7195;382566;;ESTÁGIO SUPERVISIONADO;25;11;;;;
GPROD;GPRO7807;470097;;ESTÁGIO SUPERVISIONADO;100;34;;;;
GTEL;GELE7294;580538;;ESTÁGIO SUPERVISIONADO;100;13;;;;
WEB;GTSI1268;690011;;ESTÁGIO SUPERVISIONADO;25;14;;;;
GAUT;GELE7295;660000;;ESTÁGIO SUPERVISIONADO (AUTOMAÇÃO);50;10;;;;
GCIV;GCIV8804;770012;;ESTÁGIO SUPERVISIONADO (CIVIL);41;34;;;;
GMEC;GMEC7601;180604;;ESTÁGIO SUPERVISIONADO (MECÂNICA);100;25;;;;
GMEC;GMEC7001;107001;15:35:00;ESTÁTICA;30;19;SEG;17:20:00;Teórica;L-35
GMEC;GMEC7001;107001;14:30:00;ESTÁTICA;30;19;SEX;16:30:00;Teórica;L-34
GMEC;GMEC7001;120330;13:35:00;ESTÁTICA;40;30;SEG;15:20:00;Teórica;E-307
GMEC;GMEC7001;120330;08:50:00;ESTÁTICA;40;30;TER;10:45:00;Prática;E-303
GAUT;GEXT7601;652017;13:35:00;ESTATÍSTICA;25;20;TER;16:25:00;Teórica;H-103
GEL;GEXT7601;222245;16:30:00;ESTATÍSTICA;25;9;TER;19:10:00;Teórica;H-101
GCIV;GEXT7601;720014;12:40:00;ESTATÍSTICA;50;37;QUI;15:20:00;Teórica;H-101
GELT;GEXT7601;322245;16:30:00;ESTATÍSTICA;25;7;TER;19:10:00;Teórica;H-101
GMEC;GEXT7601;120310;09:55:00;ESTATÍSTICA;50;50;SEG;12:35:00;Teórica;H-104
GPROD;GEXT7601;420065;07:00:00;ESTATÍSTICA;50;22;SEG;09:40:00;Teórica;H-101
GTEL;GEXT7601;520181;13:35:00;ESTATÍSTICA;25;18;TER;16:25:00;Teórica;H-103
GPROD;GPRO7835;407835;12:40:00;ESTATÍSTICA APLICADA;20;20;TER;15:20:00;Teórica;E-313
GPROD;GPRO7502;440083;07:00:00;ESTATÍSTICA DA QUALIDADE E CONFIABILIDADE;50;39;TER;09:40:00;Teórica;E-301
BCC;GCC1518;951518;18:20:00;ESTATÍSTICA E PROBABILIDADE;25;7;QUI;21:50:00;Teórica;PAV1LAB02
WEB;GTSI1435;630013;18:20:00;ESTATÍSTICA E PROBABILIDADE;25;5;QUI;21:40:00;Teórica;PAV1LAB02
BCC;GCC1207;920005;18:20:00;ESTRUTURAS DE DADOS;25;25;QUA;21:40:00;Teórica;D-310
WEB;GTSI1422;690020;18:20:00;ESTRUTURAS DE DADOS;40;29;QUA;21:40:00;Prática;H-101
GCIV;GCIV8706;766669;15:35:00;ESTRUTURAS I;40;40;QUI;17:20:00;Teórica;PAV2/P222
GCIV;GCIV8706;766669;15:35:00;ESTRUTURAS I;40;40;TER;17:20:00;Teórica;L-21
GCIV;GCIV8706;760007;19:10:00;ESTRUTURAS I;40;40;SEX;20:50:00;Teórica;D-216
GCIV;GCIV8706;760007;18:20:00;ESTRUTURAS I;40;40;SEG;20:00:00;Teórica;D-212
GCIV;GCIV8805;770014-B;20:00:00;ESTRUTURAS II;30;11;SEX;21:50:00;Teórica;D-212
GCIV;GCIV8805;770014-B;18:20:00;ESTRUTURAS II;30;11;QUI;20:00:00;Teórica;D-204
GCIV;GCIV8805;770014-A;20:00:00;ESTRUTURAS II;40;34;QUI;21:50:00;Teórica;D-204
GCIV;GCIV8805;770014-A;18:20:00;ESTRUTURAS II;40;34;TER;20:00:00;Teórica;D-216
GCIV;GCIV8903;780019;18:20:00;ESTRUTURAS III;40;28;SEX;20:00:00;Teórica;D-212
GCIV;GCIV8903;780019;20:00:00;ESTRUTURAS III;40;28;TER;21:50:00;Teórica;D-216
GCIV;GCIV8004;780027;20:01:00;ESTRUTURAS IV;40;33;SEG;21:51:00;Teórica;D-212
GCIV;GCIV8004;780027;18:20:00;ESTRUTURAS IV;40;33;QUI;20:00:00;Teórica;D-210
GCIV;GCIV0838;700838;16:30:00;ESTRUTURAS MISTAS DE AÇO E CONCRETO;20;7;SEG;18:15:00;Teórica;PAV.2/P221
GLEA;GLEA1212;010004;07:00:00;ESTUDOS DA LINGUAGEM II;40;32;TER;08:45:00;Teórica;CAMPIII201
GLEA;GLEA1638;011638;09:55:00;ESTUDOS DE TEORIA DA TRADUÇÃO;40;7;SEG;11:40:00;Teórica;CAMPIII203
GLEA;GLEA1638;011638;07:50:00;ESTUDOS DE TEORIA DA TRADUÇÃO;40;7;QUA;08:45:00;Teórica;CAMPIII203
GLEA;GLEA1099;011099;12:40:00;EXÍLIO E ESCRITURA EM AUTORES FRANCÓFONOS;40;2;TER;14:25:00;Teórica;CAMPIII204
BCC;GEDA7201;900094;14:30:00;EXPRESSÃO ORAL E ESCRITA;18;15;SEX;16:25:00;Teórica;L-35
AMB;GEDA9201;130012;17:30:00;EXPRESSÃO ORAL E ESCRITA;60;15;SEG;19:10:00;Teórica;A-305
GCIV;GCIV8506;740027;20:00:00;FENÔMENOS DE TRANSFERÊNCIAS;40;35;SEX;21:50:00;Teórica;D-210
GCIV;GCIV8506;740027;18:20:00;FENÔMENOS DE TRANSFERÊNCIAS;40;35;TER;20:00:00;Teórica;D-314
GAUT;GMEC7007;654028;08:50:00;FENÔMENOS DE TRANSPORTE;20;20;SEG;12:35:00;Teórica;E-303
GEL;GMEC7007;242264;08:50:00;FENÔMENOS DE TRANSPORTE;20;20;SEG;12:35:00;Teórica;E-303
GELT;GMEC7007;342264;08:50:00;FENÔMENOS DE TRANSPORTE;20;15;SEG;12:35:00;Teórica;E-303
GPROD;GMEC7007;430080;08:50:00;FENÔMENOS DE TRANSPORTE;50;50;QUI;10:45:00;Teórica;E-307
GPROD;GMEC7007;430080;10:50:00;FENÔMENOS DE TRANSPORTE;50;50;QUI;12:35:00;Prática;E-307
GTEL;GMEC7007;530249;08:50:00;FENÔMENOS DE TRANSPORTE;20;18;SEG;12:35:00;Teórica;E-303
GLEA;GLEA1215;010006;12:40:00;FILOSOFIA APLICADA ÀS NEGOCIAÇÕES INTERNACIONAIS;40;31;QUA;15:30:00;Teórica;CAMPIII201
GPROD;GPRO7830;490023;09:55:00;FINANÇAS CORPORATIVAS;15;15;TER;12:35:00;Teórica;L-23
AMB;GFSQ9203;130004;20:00:00;FÍSICA BÁSICA;10;4;TER;22:40:00;Teórica;A-303
GAUT;GEXT7002;653028;16:30:00;FÍSICA TÉRMICA;15;13;TER;20:00:00;Teórica;E-301
GEL;GEXT7002;232270;16:30:00;FÍSICA TÉRMICA;15;10;TER;20:00:00;Teórica;E-301
GCIV;GEXT7002;730020;12:40:00;FÍSICA TÉRMICA;50;29;QUA;16:25:00;Teórica;L-31
GELT;GEXT7002;332270;16:30:00;FÍSICA TÉRMICA;16;8;TER;20:00:00;Teórica;E-301
GMEC;GEXT7002;130346;08:50:00;FÍSICA TÉRMICA;50;30;SEG;10:45:00;Teórica;E-301
GMEC;GEXT7002;130346;07:00:00;FÍSICA TÉRMICA;50;30;SEX;08:45:00;Teórica;E-301
GPROD;GEXT7002;430075;07:00:00;FÍSICA TÉRMICA;50;50;SEG;08:45:00;Teórica;E-301
GPROD;GEXT7002;430075;10:50:00;FÍSICA TÉRMICA;50;50;SEG;12:35:00;Teórica;E-301
GTEL;GEXT7002;530298;16:30:00;FÍSICA TÉRMICA;15;7;TER;20:00:00;Teórica;E-301
GCIV;GCIV8808;778808;20:00:00;FUNDAÇÕES;40;8;QUA;21:50:00;Teórica;D-206
GCIV;GCIV8808;770017;17:25:00;FUNDAÇÕES;40;40;SEX;19:10:00;Teórica;E-305
GCIV;GCIV0836;798566;20:00:00;FUNDAÇÕES ESPECIAIS;20;3;SEX;21:50:00;Teórica;D-208
BCC;GCC1930;901930;18:20:00;FUNDAMENTOS BÁSICOS DE SISTEMAS MULTIMÍDIA;25;10;QUI;21:50:00;Teórica;LAB-1
WEB;GTSI1469;601469;18:20:00;FUNDAMENTOS BÁSICOS DE SISTEMAS MULTIMÍDIA;25;14;QUI;21:50:00;Teórica;LAB-1
GCIV;GCIV8301;720015-B;19:10:00;FUNDAMENTOS DE DESENHO DE PROJETOS;25;8;TER;21:50:00;Teórica;D-210
GCIV;GCIV8301;720015-A;19:10:00;FUNDAMENTOS DE DESENHO DE PROJETOS;25;25;SEG;21:50:00;Teórica;D-214
GCIV;GCIV8407;730018;17:25:00;FUNDAMENTOS DE ENGENHARIA DE SEGURANÇA;40;37;SEG;19:10:00;Teórica;E-305
GAUT;GEDA7004;652021;07:00:00;FUNDAMENTOS DE ENGENHARIA DE SEGURANÇA;20;18;TER;09:40:00;Teórica;H-102
GELT;GEDA7004;322237;09:55:00;FUNDAMENTOS DE ENGENHARIA DE SEGURANÇA;26;16;TER;12:30:00;Teórica;H-102
GEL;GEDA7004;222237;07:00:00;FUNDAMENTOS DE ENGENHARIA DE SEGURANÇA;22;15;TER;09:40:00;Teórica;H-102
GMEC;GEDA7004;170304;07:00:00;FUNDAMENTOS DE ENGENHARIA DE SEGURANÇA;50;49;SEG;09:40:00;Teórica;H-102
GPROD;GEDA7004;450089;07:00:00;FUNDAMENTOS DE ENGENHARIA DE SEGURANÇA;40;19;TER;09:40:00;Teórica;L-22
GTEL;GEDA7004;520220;09:55:00;FUNDAMENTOS DE ENGENHARIA DE SEGURANÇA;40;19;TER;12:30:00;Teórica;H-102
AMB;GEDA9221;130026;19:10:00;FUNDAMENTOS DE LEGISLAÇÃO AMBIENTAL;60;15;QUI;22:40:00;Teórica;D-326
AMB;GMEC9226;130018;19:10:00;FUNDAMENTOS DE PROCESSOS INDUSTRIAIS;60;21;QUA;21:50:00;Teórica;
BCC;GCC1310;930003;18:20:00;FUNDAMENTOS DE REDES DE COMPUTADORES;25;23;SEX;21:40:00;Teórica;LAB-1
WEB;GTSI1432;620008;18:20:00;FUNDAMENTOS DE REDES DE COMPUTADORES;25;15;SEX;21:40:00;Teórica;LAB-1
GLEA;GLEA1080;011080;12:40:00;GÊNERO,SEXUALIDADE E RELAÇÕES INTERNACIONAIS;40;7;SEX;14:25:00;Teórica;CAMPIII204
AMB;GMEC9223;130013;19:10:00;GEOLOGIA APLICADA;60;12;QUI;21:50:00;Teórica;A-305
GCIV;GCIV8503;740029;17:25:00;GEOTECNIA;40;33;QUI;20:00:00;Teórica;E-301
GCIV;GCIV0813;700813;18:20:00;GEOTECNIA AMBIENTAL;20;5;TER;20:00:00;Teórica;D-202
GEL;GELE7310;292571;19:10:00;GERAÇÃO;50;7;SEX;21:50:00;Teórica;E-301
BCC;GCC1414;969696;18:20:00;GERÊNCIA DE PROJETOS DE TECNOLOGIA DA INFORMAÇÃO;25;7;QUA;21:50:00;Teórica;PAV1SALA01
WEB;GTSI1444;696970;18:20:00;GERÊNCIA DE PROJETOS DE TECNOLOGIA DA INFORMAÇÃO;25;8;QUA;21:50:00;Teórica;PAV1SALA01
WEB;GTSI1441;601441;;GERENCIAMENTO DE DADOS SEMIESTRUTURADOS;25;11;;;;
GLEA;GADM7733;017703;15:35:00;GERENCIAMENTO DE PROJETOS;5;3;SEG;18:10:00;Teórica;E-313
GCIV;GCIV0833;700090;20:00:00;GERENCIAMENTO ESTRATÉGICO DA FISCALIZAÇÃO E OPERAÇÃO DE TRÂNSITO;30;1;QUI;21:50:00;Teórica;D-206
AMB;GEDA9224;130027;19:10:00;GESTÃO AMBIENTAL;60;23;SEG;22:40:00;Teórica;D-326
GPROD;GPRO7825;460097;09:55:00;GESTÃO AMBIENTAL;40;36;SEX;12:35:00;Teórica;E-301
GCIV;GCIV8905;780021;14:30:00;GESTÃO AMBIENTAL I;40;40;SEG;17:20:00;Teórica;L-31
GCIV;GCIV8001;780024;15:35:00;GESTÃO AMBIENTAL II;40;40;TER;18:15:00;Teórica;CAMPIII201
GPROD;GPRO7804;450083;09:55:00;GESTÃO DA INFORMAÇÃO I;40;39;SEX;12:35:00;Teórica;E-307
GPROD;GPRO7812;460094;09:55:00;GESTÃO DA MANUTENÇÃO;40;27;QUI;12:35:00;Teórica;E-305
GCIV;GCIV8404;755330;16:30:00;GESTÃO DA QUALIDADE;45;35;QUA;18:15:00;Teórica;PAV.2/P223
GPROD;GPRO7757;450088;09:55:00;GESTÃO DA QUALIDADE;40;40;QUA;12:35:00;Teórica;L-31
GPROD;GPRO7839;407839;09:55:00;GESTÃO DE OPERAÇÕES EM SERVIÇOS DE SAÚDE;15;14;SEX;12:35:00;Teórica;L-23
GPROD;GPRO7803;470098;17:25:00;GESTÃO DE PROJETOS;40;34;SEG;20:00:00;Teórica;L-35
GLEA;GLEA1641;011641;07:00:00;GESTÃO EM EVENTOS;40;7;SEG;09:40:00;Teórica;CAMPIII203
GPROD;GPRO7815;490018;17:25:00;GESTÃO EMPREENDEDORA;40;30;TER;20:00:00;Teórica;E-305
BCC;GADM7741;900092;17:25:00;GESTÃO ESTRATÉGICA;5;5;SEG;20:00:00;Teórica;E-307
GLEA;GADM7741;017741;09:55:00;GESTÃO ESTRATÉGICA;40;0;QUI;12:35:00;Teórica;CAMPIII202
GPROD;GPRO7741;470093;17:25:00;GESTÃO ESTRATÉGICA;40;40;SEG;20:00:00;Teórica;E-303
WEB;GADM7741;600009;17:25:00;GESTÃO ESTRATÉGICA;5;4;SEG;20:00:00;Teórica;E-307
GCIV;GCIV8901;780022;15:35:00;GESTÃO SANITÁRIA DO AMBIENTE;40;33;TER;18:15:00;Teórica;PAV2/P222
GLEA;GLEA1214;010011;07:50:00;GLOBALIZAÇAÕ E NEGOCIAÇÕES INTERNACIONAIS;40;32;SEX;10:45:00;Teórica;CAMPIII201
GCIV;GCIV8701;760001;20:00:00;HIDRÁULICA E HIDROLOGIA;40;40;TER;21:50:00;Teórica;D-208
GCIV;GCIV8701;760001;20:00:00;HIDRÁULICA E HIDROLOGIA;40;40;QUI;21:50:00;Teórica;D-218
GLEA;GLEA1066;010010;12:40:00;HISTÓRIA DA ÁFRICA;40;1;SEX;14:25:00;Teórica;CAMPIII201
WEB;GTSI1436;601436;;HUMANIDADE E CIÊNCIA SOCIAIS;25;24;;;;
GAUT;GEDA7301;651014;12:40:00;HUMANIDADES E CIÊNCIAS SOCIAIS;15;14;SEG;14:25:00;Teórica;H-103
BCC;GCC1314;930010;18:20:00;HUMANIDADES E CIÊNCIAS SOCIAIS;25;25;TER;20:00:00;Teórica;PAV1SALA02
GELT;GEDA7301;312156;12:40:00;HUMANIDADES E CIÊNCIAS SOCIAIS;25;11;SEG;14:25:00;Teórica;H-103
GEL;GEDA7301;212156;12:40:00;HUMANIDADES E CIÊNCIAS SOCIAIS;27;11;SEG;14:25:00;Teórica;H-103
GMEC;GEDA7301;110215;10:50:00;HUMANIDADES E CIÊNCIAS SOCIAIS;55;45;SEG;12:35:00;Teórica;H-103
GPROD;GEDA7301;410034;10:50:00;HUMANIDADES E CIÊNCIAS SOCIAIS;60;38;QUI;12:35:00;Teórica;H-103
GTEL;GEDA7301;510157;12:40:00;HUMANIDADES E CIÊNCIAS SOCIAIS;15;11;SEG;14:25:00;Teórica;H-103
GCIV;GCIV8104;700007;12:40:00;HUMANIDADES E CIÊNICAS SOCIAIS;44;5;SEG;14:25:00;Teórica;L-31
GLEA;GLEA1096;011096;12:40:00;IDENTIDADE DISCURSIVA E CINEMA;40;6;SEG;14:25:00;Teórica;CAMPIII204
GLEA;GLEA1211;010003;08:50:00;IDENTIDADES CULTURAIS II;40;31;QUA;10:45:00;Teórica;CAMPIII201
BCC;GCC1625;960001;12:40:00;INFERÊNCIA ESTATÍSTICA;25;5;QUA;14:25:00;Teórica;PAV1LAB02
WEB;GTSI1307;600077;12:40:00;INFERÊNCIA ESTATÍSTICA;25;0;QUA;14:25:00;Teórica;
BCC;GCC1840;981836;16:30:00;INFORMÁTICA E SOCIEDADE;25;25;QUA;18:15:00;Teórica;LAB-2
WEB;GTSI1264;660000;;INFORMÁTICA E SOCIEDADE;50;18;;;;
GAUT;GEDA7601;600001;14:30:00;INGLÊS INSTRUMENTAL I;10;8;SEG;16:25:00;Teórica;H-103
GAUT;GEDA7601;600002;08:50:00;INGLÊS INSTRUMENTAL I;5;5;QUI;10:45:00;Teórica;L-21
GELT;GEDA7601;300002;08:50:00;INGLÊS INSTRUMENTAL I;5;5;QUI;10:45:00;Teórica;L-21
GELT;GEDA7601;300001;14:30:00;INGLÊS INSTRUMENTAL I;5;4;SEG;16:25:00;Teórica;H-103
GEL;GEDA7601;200002;08:50:00;INGLÊS INSTRUMENTAL I;5;5;QUI;10:45:00;Teórica;L-21
GEL;GEDA7601;200001;14:30:00;INGLÊS INSTRUMENTAL I;10;10;SEG;16:25:00;Teórica;H-103
GPROD;GEDA7601;490001;14:30:00;INGLÊS INSTRUMENTAL I;5;5;SEG;16:25:00;Teórica;H-103
GPROD;GEDA7601;490002;08:50:00;INGLÊS INSTRUMENTAL I;5;5;QUI;10:45:00;Teórica;L-21
GTEL;GEDA7601;500001;14:30:00;INGLÊS INSTRUMENTAL I;5;4;SEG;16:25:00;Teórica;H-103
GTEL;GEDA7601;500002;08:50:00;INGLÊS INSTRUMENTAL I;5;5;QUI;10:45:00;Teórica;L-21
GAUT;GEDA7701;600003;08:50:00;INGLÊS INSTRUMENTAL II;5;1;SEG;10:45:00;Teórica;L-23
GAUT;GEDA7701;600004;12:40:00;INGLÊS INSTRUMENTAL II;5;2;QUI;14:25:00;Teórica;E-305
GELT;GEDA7701;300004;12:40:00;INGLÊS INSTRUMENTAL II;5;1;QUI;14:25:00;Teórica;E-305
GELT;GEDA7701;300003;08:50:00;INGLÊS INSTRUMENTAL II;5;1;SEG;10:45:00;Teórica;L-23
GEL;GEDA7701;200004;12:40:00;INGLÊS INSTRUMENTAL II;5;4;QUI;14:25:00;Teórica;E-305
GEL;GEDA7701;200003;08:50:00;INGLÊS INSTRUMENTAL II;5;3;SEG;10:45:00;Teórica;L-23
GPROD;GEDA7701;490003;08:50:00;INGLÊS INSTRUMENTAL II;5;5;SEG;10:45:00;Teórica;L-23
GPROD;GEDA7701;490004;12:40:00;INGLÊS INSTRUMENTAL II;8;8;QUI;14:25:00;Teórica;E-305
GTEL;GEDA7701;500003;08:50:00;INGLÊS INSTRUMENTAL II;5;5;SEG;10:45:00;Teórica;L-23
GTEL;GEDA7701;500004;12:40:00;INGLÊS INSTRUMENTAL II;5;2;QUI;14:25:00;Teórica;E-305
GPROD;GPRO7824;400032;17:25:00;INOVAÇÃO;15;9;QUA;20:00:00;Teórica;L-23
GEL;GELE7071;262492;17:25:00;INSTALAÇOES ELETRICAS;50;10;QUA;19:10:00;Teórica;Pav. VI 02
GCIV;GCIV8704;760005;18:20:00;INSTALAÇÕES ELÉTRICAS;40;40;QUI;20:00:00;Teórica;D-214
GCIV;GCIV8704;760005;18:20:00;INSTALAÇÕES ELÉTRICAS;40;40;TER;20:00:00;Teórica;D-214
GEL;GELE7306;272555;20:00:00;INSTALAÇÕES ELÉTRICAS INDUSTRIAIS;30;14;SEG;22:40:00;Teórica;E-301
GEL;GELE7082;272551;16:30:00;INSTALAÇÕES HIDRÁULICAS;50;10;QUI;19:10:00;Teórica;L-32
GCIV;GCIV8603;750003;20:00:00;INSTALAÇÕES HIDRÁULICAS E SANITÁRIAS;40;40;TER;21:50:00;Teórica;D-214
GCIV;GCIV8603;750003;20:00:00;INSTALAÇÕES HIDRÁULICAS E SANITÁRIAS;40;40;QUI;21:50:00;Teórica;D-214
GMEC;GMEC7401;170600;16:30:00;INSTALAÇÕES INDUSTRIAIS;50;20;QUA;19:10:00;Teórica;L-34
GMEC;GMEC7609;106699;14:30:00;INSTRUMENTAÇÃO;10;10;SEX;17:20:00;Teórica;CAMPIII204
GAUT;GELE7192;658004;15:35:00;INSTRUMENTAÇÃO ELETRÔNICA;30;5;TER;16:25:00;Teórica;E 201
GAUT;GELE7192;658004;16:30:00;INSTRUMENTAÇÃO ELETRÔNICA;30;5;TER;18:15:00;Prática;E 201
GELT;GELE7192;382563;18:20:00;INSTRUMENTAÇÃO ELETRÔNICA;25;9;SEG;19:10:00;Teórica;SALA E-214
GELT;GELE7192;382563;19:10:00;INSTRUMENTAÇÃO ELETRÔNICA;25;9;SEG;20:50:00;Prática;SALA E-214
GCIV;GCIV0840;708340;18:20:00;INSTRUMENTAÇÃO TOPOGRÁFICA;30;2;QUI;20:00:00;Teórica;D-206
GLEA;GLEA1082;011082;10:50:00;INTEGRAÇÃO REGIONAL E BLOCOS GEOCONÔMICOS;40;1;QUA;12:35:00;Teórica;CAMPIII202
BCC;GCC1734;991734;16:30:00;INTELIGÊNCIA ARTIFICIAL;25;4;SEX;18:15:00;Teórica;PAV1SALA02
BCC;GCC1734;991734;16:30:00;INTELIGÊNCIA ARTIFICIAL;25;4;SEG;18:15:00;Teórica;PAV1SALA02
WEB;GTSI1406;601406;16:30:00;INTELIGÊNCIA ARTIFICIAL;25;5;SEG;18:15:00;Teórica;
WEB;GTSI1406;601406;16:30:00;INTELIGÊNCIA ARTIFICIAL;25;5;SEX;18:15:00;Teórica;
BCC;GCC1626;960002;14:30:00;INTELIGÊNCIA COMPUTACIONAL;25;7;QUI;18:15:00;Teórica;PAV01LAB03
GELT;GELE7348;307348;16:30:00;INTELIGÊNCIA COMPUTACIONAL;15;3;TER;17:20:00;Teórica;SALA E-214
GELT;GELE7348;307348;17:25:00;INTELIGÊNCIA COMPUTACIONAL;15;3;TER;19:10:00;Prática;
WEB;GTSI1299;600076;14:30:00;INTELIGÊNCIA COMPUTACIONAL;25;0;QUI;18:15:00;Teórica;PAV01LAB03
WEB;GTSI1261;650031;18:20:00;INTERAÇÃO HUMANO-COMPUTADOR;25;0;SEG;21:50:00;Teórica;PAV01LAB03
BCC;GCC1628;960003;18:20:00;INTERAÇÃO-HUMANO-COMPUTADOR;25;11;SEG;21:50:00;Teórica;PAV01LAB03
GAUT;GEDA7802AR;607802;;INTERCÂMBIO ESTUDANTIL;200;1;;;;
BCC;GEDA7802AR;907802;;INTERCÂMBIO ESTUDANTIL;200;4;;;;
GELT;GEDA7802AR;307802;;INTERCÂMBIO ESTUDANTIL;200;1;;;;
GEL;GEDA7802AR;207802;;INTERCÂMBIO ESTUDANTIL;200;1;;;;
GCIV;GEDA7802AR;799999;;INTERCÂMBIO ESTUDANTIL;100;10;;;;
GLEA;GEDA7802AR;017802;;INTERCÂMBIO ESTUDANTIL;200;7;;;;
GMEC;GEDA7802AR;100000;;INTERCÂMBIO ESTUDANTIL;50;9;;;;
GPROD;GEDA7802AR;407802;;INTERCÂMBIO ESTUDANTIL;200;21;;;;
GTEL;GEDA7802AR;507802;;INTERCÂMBIO ESTUDANTIL;200;3;;;;
WEB;GEDA7802AR;607802;;INTERCÂMBIO ESTUDANTIL;200;0;;;;
GLEA;GLEA1083;011083;12:40:00;INTERNACIONALIZAÇÃO DAS CIDADES E PARADIPLOMACIA;40;5;SEG;14:25:00;Teórica;CAMPIII201
GPROD;GPRO7826;400007;07:00:00;INTRODUÇAO A ADMINISTRAÇÃO;0;0;SEG;09:40:00;Teórica;H-103
GPROD;GPRO7826;400007-B;07:00:00;INTRODUÇAO A ADMINISTRAÇÃO;20;20;TER;09:40:00;Teórica;L-31
BCC;GCC1101;910003;14:30:00;INTRODUÇÃO À ADMINISTRAÇÃO;32;4;SEG;16:25:00;Teórica;PAV1SALA01
WEB;GTSI1415;600013;21:00:00;INTRODUÇÃO À ADMINISTRAÇÃO;6;6;QUI;22:40:00;Teórica;E-301
GPROD;GPRO7802;410022;09:55:00;INTRODUÇÃO A ECONOMIA;50;43;QUA;12:35:00;Teórica;E-301
GAUT;GEDA7800;650003;17:25:00;INTRODUÇÃO A ENGENHARIA;25;2;QUI;19:10:00;Teórica;H-103
GELT;GEDA7800;301028;17:25:00;INTRODUÇÃO A ENGENHARIA;26;1;QUI;19:10:00;Teórica;CAMPIII203
GEL;GEDA7800;201028;15:35:00;INTRODUÇÃO A ENGENHARIA;26;5;QUA;17:20:00;Teórica;H-103
GMEC;GEDA7800;101083;10:50:00;INTRODUÇÃO A ENGENHARIA;52;9;TER;12:35:00;Teórica;H-104
GPROD;GEDA7800;400005;09:55:00;INTRODUÇÃO A ENGENHARIA;0;0;QUA;11:40:00;Teórica;H-104
GPROD;GEDA7800;400005-B;07:00:00;INTRODUÇÃO A ENGENHARIA;20;16;SEX;08:45:00;Teórica;E-305
GTEL;GEDA7800;501025;17:25:00;INTRODUÇÃO A ENGENHARIA;6;2;QUI;19:10:00;Teórica;H-103
GCIV;GCIV8101;700003;20:00:00;INTRODUÇÃO À ENGENHARIA;44;0;QUI;21:50:00;Teórica;D-212
GAMB;GEAMB1104;162006;;INTRODUÇÃO A ENGENHARIA AMBIENTAL;50;0;;;;
GLEA;GLEA1097;011097;10:50:00;INTRODUÇÃO À LÍNGUA E CULTURA ITALIANAS;40;40;QUA;12:35:00;Teórica;CAMPIII201
GAUT;GMEC7611;600005;15:35:00;INTRODUÇÃO À TERMODINÂMICA;15;8;SEG;18:15:00;Teórica;CAMPIII203
BCC;GCC1836;981836;16:30:00;LEGISLAÇÃO EM INFORMÁTICA;25;25;QUI;18:15:00;Teórica;PAV1SALA02
WEB;GTSI1266;600087;;LEGISLAÇÃO EM INFORMÁTICA;50;16;;;;
GLEA;GLEA1092;011092;10:50:00;LIBRAS I;40;9;QUI;12:35:00;Teórica;L-21
GLEA;GLEA1098;011098;12:40:00;LIBRAS II;40;7;QUI;14:25:00;Teórica;L-21
GLEA;GLEA1208;010001;07:00:00;LINGUA ESPANHOLA II;40;30;SEG;08:45:00;Teórica;BL C 209
GLEA;GLEA1208;010001;07:00:00;LINGUA ESPANHOLA II;40;30;QUA;08:45:00;Teórica;BL C 209
GLEA;GLEA1422;010012;08:50:00;LÍNGUA ESPANHOLA IV;40;19;SEG;10:45:00;Teórica;BL C 209
GLEA;GLEA1422;010012;08:50:00;LÍNGUA ESPANHOLA IV;40;19;QUA;10:45:00;Teórica;BL C 209
GLEA;GLEA1634;011634;10:50:00;LÍNGUA ESPANHOLA VI;40;7;QUA;12:35:00;Teórica;L-23
GLEA;GLEA1210;010007;08:50:00;LINGUA FRANCESA II;40;32;TER;10:45:00;Teórica;L-34
GLEA;GLEA1210;010007;08:50:00;LINGUA FRANCESA II;40;32;QUI;10:45:00;Teórica;E-301
GLEA;GLEA1424;010014;07:00:00;LÍNGUA FRANCESA IV;40;20;TER;08:45:00;Teórica;H-101
GLEA;GLEA1424;010014;07:00:00;LÍNGUA FRANCESA IV;40;20;QUI;08:45:00;Teórica;H-101
GLEA;GLEA1636;011636;10:50:00;LÍNGUA FRANCESA VI;40;6;TER;12:35:00;Teórica;H-101
GLEA;GLEA1209;010002;10:50:00;LINGUA INGLESA II;40;27;TER;12:35:00;Teórica;BL C 209
GLEA;GLEA1209;010002;10:50:00;LINGUA INGLESA II;40;27;QUI;12:35:00;Teórica;BL C 209
GLEA;GLEA1423;010013;08:50:00;LÍNGUA INGLESA IV;40;17;TER;10:45:00;Teórica;BL C 209
GLEA;GLEA1423;010013;08:50:00;LÍNGUA INGLESA IV;40;17;QUI;10:45:00;Teórica;BL C 209
GLEA;GLEA1635;011635;07:00:00;LÍNGUA INGLESA VI;40;6;TER;08:45:00;Teórica;L-23
GLEA;GLEA1213;010005;07:00:00;LINGUAS PARA FINS ESPECIFICOS;40;34;QUI;08:45:00;Teórica;CAMPIII201
BCC;GCC1104;910006;18:20:00;LÓGICA MATEMÁTICA;32;12;SEG;20:00:00;Teórica;D-316
BCC;GCC1104;910006;18:20:00;LÓGICA MATEMÁTICA;32;12;QUI;20:00:00;Teórica;
WEB;GTSI1414;600003;18:20:00;LÓGICA MATEMÁTICA;6;5;SEG;20:00:00;Teórica;D-316
WEB;GTSI1414;600003;18:20:00;LÓGICA MATEMÁTICA;6;5;QUI;20:00:00;Teórica;D-316
GPROD;GPRO7814;470090;19:10:00;LOGÍSTICA;40;38;TER;20:50:00;Teórica;E-303
GPROD;GPRO7814;470090;19:10:00;LOGÍSTICA;40;38;QUA;20:50:00;Teórica;E-303
GPROD;GPRO7852;707852;08:50:00;LOGÍSTICA HOSPITALAR;15;2;SEX;11:40:00;Teórica;E-305
GMEC;GMEC7403;160561;09:55:00;LUBRIFICAÇÃO E MANUTENÇÃO;50;28;TER;12:35:00;Teórica;L-31
GMEC;GMEC7106;190608;17:25:00;MÁQUINAS DE TRANSPORTE;50;36;SEG;20:00:00;Teórica;L-32
GMEC;GMEC7405;140406;09:55:00;MÁQUINAS OPERATRIZES;50;26;QUI;11:40:00;Teórica;L-22
GMEC;GMEC7405;140406;07:00:00;MÁQUINAS OPERATRIZES;50;26;SEX;08:45:00;Prática;LAB 7
BCC;GCC1208;920006;20:00:00;MATEMÁTICA DISCRETA;25;25;SEG;21:50:00;Teórica;D-322
BCC;GCC1208;920006;20:00:00;MATEMÁTICA DISCRETA;25;25;QUI;21:50:00;Teórica;D-322
WEB;GTSI1423;640020;20:00:00;MATEMÁTICA DISCRETA;25;25;SEG;21:50:00;Teórica;D-322
WEB;GTSI1423;640020;20:00:00;MATEMÁTICA DISCRETA;25;25;QUI;21:50:00;Teórica;
GCIV;GCIV8501;740031;20:00:00;MATERIAIS DE CONSTRUÇÃO CIVIL I;40;40;QUI;21:50:00;Teórica;D-216
GCIV;GCIV8501;740031;20:00:00;MATERIAIS DE CONSTRUÇÃO CIVIL I;40;40;TER;21:50:00;Teórica;D-218
GCIV;GCIV8601;750001;18:20:00;MATERIAIS DE CONSTRUÇÃO CIVIL II;40;40;TER;20:00:00;Teórica;D-218
GCIV;GCIV8601;750001;18:20:00;MATERIAIS DE CONSTRUÇÃO CIVIL II;40;40;QUI;20:00:00;Teórica;D-216
GMEC;GMEC7301;130341;07:00:00;MATERIAIS DE CONSTRUÇÃO MECÂNICA;50;45;TER;09:40:00;Teórica;E-307
GMEC;GMEC7301;130341;07:00:00;MATERIAIS DE CONSTRUÇÃO MECÂNICA;50;45;QUA;08:45:00;Prática;E-307
GAUT;GELE7042;653030;17:25:00;MATERIAIS ELÉTRICOS;30;25;QUA;20:00:00;Teórica;H-103
GELT;GELE7042;332300;17:25:00;MATERIAIS ELÉTRICOS;25;11;QUA;20:00:00;Teórica;H-103
GEL;GELE7042;232300;17:25:00;MATERIAIS ELÉTRICOS;30;8;QUA;20:00:00;Teórica;H-103
GTEL;GELE7042;530280;17:25:00;MATERIAIS ELÉTRICOS;50;15;QUA;20:00:00;Teórica;H-103
GCIV;GCIV0829;700829;20:00:00;MATERIAIS SUSTENTÁVEIS PARA A CONSTRUÇÃO CIVIL;20;20;QUA;21:50:00;Teórica;D-214
GAUT;GEXT7001;651013;15:35:00;MECÂNICA BÁSICA;25;22;QUA;18:15:00;Teórica;E-307
GAUT;GEXT7001;651013;12:40:00;MECÂNICA BÁSICA;25;22;SEX;14:25:00;Teórica;E-305
GEL;GEXT7001;212130;12:40:00;MECÂNICA BÁSICA;25;24;SEX;14:25:00;Teórica;E-307
GEL;GEXT7001;212130;15:35:00;MECÂNICA BÁSICA;25;24;QUA;18:15:00;Teórica;E-303
GCIV;GEXT7001;710005;12:40:00;MECÂNICA BÁSICA;50;49;SEX;14:25:00;Prática;E-303
GCIV;GEXT7001;710005;15:35:00;MECÂNICA BÁSICA;50;49;QUA;18:15:00;Teórica;CAMPIII204
GELT;GEXT7001;312130;15:35:00;MECÂNICA BÁSICA;25;20;QUA;18:15:00;Teórica;E-303
GELT;GEXT7001;312130;12:40:00;MECÂNICA BÁSICA;25;20;SEX;14:25:00;Teórica;E-307
GMEC;GEXT7001;110221;07:00:00;MECÂNICA BÁSICA;50;48;QUA;09:40:00;Teórica;E-305
GMEC;GEXT7001;110221;08:50:00;MECÂNICA BÁSICA;50;48;SEX;10:45:00;Teórica;E-303
GPROD;GEXT7001;410062;07:00:00;MECÂNICA BÁSICA;50;46;QUA;09:40:00;Teórica;H-104
GPROD;GEXT7001;410062;08:50:00;MECÂNICA BÁSICA;50;46;SEX;10:45:00;Teórica;H-104
GTEL;GEXT7001;510130;15:35:00;MECÂNICA BÁSICA;25;25;QUA;18:15:00;Teórica;E-307
GTEL;GEXT7001;510130;12:40:00;MECÂNICA BÁSICA;25;25;SEX;14:25:00;Teórica;E-305
GMEC;GMEC7008;130391;15:35:00;MECÂNICA DOS FLUIDOS;25;25;SEG;17:20:00;Prática;L-34
GMEC;GMEC7008;130391;10:50:00;MECÂNICA DOS FLUIDOS;25;25;TER;12:35:00;Teórica;E-307
GMEC;GMEC7008;130391;08:50:00;MECÂNICA DOS FLUIDOS;25;25;QUA;10:45:00;Teórica;E-307
GMEC;GMEC7008;130392;13:35:00;MECÂNICA DOS FLUIDOS;25;25;SEG;15:20:00;Prática;L-34
GMEC;GMEC7008;130392;10:50:00;MECÂNICA DOS FLUIDOS;25;25;TER;12:35:00;Teórica;E-307
GMEC;GMEC7008;130392;08:50:00;MECÂNICA DOS FLUIDOS;25;25;QUA;10:45:00;Teórica;E-307
AMB;GMEC9222;130005;19:10:00;MECÂNICA DOS FLUIDOS E HIDRÁULICA;20;21;QUI;22:40:00;Teórica;A-303
GCIV;GCIV8604;750004;18:20:00;MECÂNICA DOS SOLOS I;40;34;SEG;20:00:00;Teórica;D-216
GCIV;GCIV8604;750004;19:10:00;MECÂNICA DOS SOLOS I;40;34;SEX;21:50:00;Teórica;D-214
GCIV;GCIV8705;760006;17:25:00;MECÂNICA DOS SOLOS II;40;40;SEX;19:10:00;Teórica;E-301
GCIV;GCIV8705;760006;20:00:00;MECÂNICA DOS SOLOS II;40;40;SEG;21:50:00;Teórica;D-216
GCIV;GCIV8303;720016;17:25:00;MECÂNICA GERAL;40;30;SEX;20:00:00;Teórica;PAV2/P222
GAUT;GMEC7003;652020;17:25:00;MECÂNICA GERAL;70;39;SEX;20:00:00;Prática;E-307
GEL;GMEC7003;222199;17:25:00;MECÂNICA GERAL;25;25;SEX;20:00:00;Teórica;E-307
GELT;GMEC7003;322199;17:25:00;MECÂNICA GERAL;25;17;SEX;20:00:00;Teórica;E-307
GPROD;GMEC7003;420067;07:00:00;MECÂNICA GERAL;60;47;TER;08:45:00;Teórica;H-103
GPROD;GMEC7003;420067;07:00:00;MECÂNICA GERAL;60;47;QUA;08:45:00;Teórica;H-102
GTEL;GMEC7003;520211;17:25:00;MECÂNICA GERAL;50;10;SEX;20:00:00;Teórica;E-307
GMEC;GMEC7101;140449;10:50:00;MECANISMOS;50;43;TER;12:35:00;Teórica;E-303
GMEC;GMEC7101;140449;10:50:00;MECANISMOS;50;43;QUA;12:35:00;Teórica;L-35
GAUT;GELE7162;655043;14:30:00;MEDIDAS ELÉTRICAS E MAGNÉTICAS;10;5;QUI;17:20:00;Teórica;H-103
GELT;GELE7162;362550;14:30:00;MEDIDAS ELÉTRICAS E MAGNÉTICAS;25;9;QUI;17:20:00;Teórica;H-103
GEL;GELE7162;262550;14:30:00;MEDIDAS ELÉTRICAS E MAGNÉTICAS;10;8;QUI;17:20:00;Teórica;H-103
GTEL;GELE7162;562550;14:30:00;MEDIDAS ELÉTRICAS E MAGNÉTICAS;7;6;QUI;17:20:00;Teórica;H-103
GEL;GELE7084;272552;19:10:00;MEDIDAS EM SISTEMAS DE ENERGIA;25;10;SEX;20:50:00;Prática;L-34
GEL;GELE7084;272552;18:20:00;MEDIDAS EM SISTEMAS DE ENERGIA;25;10;SEX;19:10:00;Teórica;L-34
GMEC;GMEC7302;150538;10:50:00;METALOGRAFIA E TRATAMENTOS TÉRMICOS I;25;25;SEG;12:35:00;Prática;LAB 5
GMEC;GMEC7302;150538;07:00:00;METALOGRAFIA E TRATAMENTOS TÉRMICOS I;25;25;TER;08:45:00;Teórica;L-35
GMEC;GMEC7302;150539;12:40:00;METALOGRAFIA E TRATAMENTOS TÉRMICOS I;25;20;SEG;14:25:00;Prática;LAB 5
GMEC;GMEC7302;150539;07:00:00;METALOGRAFIA E TRATAMENTOS TÉRMICOS I;25;20;TER;08:45:00;Teórica;L-35
GMEC;GMEC7303;160594;07:00:00;METALOGRAFIA E TRATAMENTOS TÉRMICOS II;40;40;TER;08:45:00;Teórica;E-305
GMEC;GMEC7303;160594;10:50:00;METALOGRAFIA E TRATAMENTOS TÉRMICOS II;40;40;QUA;12:35:00;Prática;L-22
GMEC;GMEC7613;100001;07:00:00;METALURGIA DA SOLDAGEM I;30;25;QUA;09:40:00;Teórica;
GMEC;GMEC7614;100002;07:00:00;METALURGIA DA SOLDAGEM II;30;7;TER;09:40:00;Teórica;
GCIV;GCIV8203;710006;18:20:00;METODOLOGIA CIENTÍFICA;45;38;SEG;20:00:00;Teórica;D-204
GAUT;GEDA7401;651010;16:30:00;METODOLOGIA CIENTÍFICA;50;13;SEG;18:15:00;Teórica;H-101
BCC;GCC1523;951523;18:20:00;METODOLOGIA CIENTÍFICA;25;11;SEX;20:00:00;Teórica;PAV1LAB02
GELT;GEDA7401;312172;16:30:00;METODOLOGIA CIENTÍFICA;50;12;SEG;18:15:00;Teórica;H-101
GEL;GEDA7401;212172;16:30:00;METODOLOGIA CIENTÍFICA;50;11;SEG;18:15:00;Teórica;H-101
GMEC;GEDA7401;110256;10:50:00;METODOLOGIA CIENTÍFICA;60;42;QUA;12:35:00;Teórica;E-307
GPROD;GEDA7401;410005;10:50:00;METODOLOGIA CIENTÍFICA;50;48;SEX;12:35:00;Teórica;H-104
GTEL;GEDA7401;510165;16:30:00;METODOLOGIA CIENTÍFICA;50;11;SEG;18:15:00;Teórica;H-101
WEB;GTSI1424;640018;18:20:00;METODOLOGIA CIENTÍFICA;25;24;SEX;20:00:00;Teórica;PAV1LAB02
GPROD;GEXT7712;430077;09:55:00;MÉTODOS ESTATÍSTICOS;50;36;TER;12:35:00;Teórica;L-22
GMEC;GMEC7402;140430;07:00:00;METROLOGIA;15;6;QUA;08:45:00;Teórica;E-303
GMEC;GMEC7402;140430;08:50:00;METROLOGIA;15;6;QUI;10:45:00;Prática;Metrologia
GMEC;GMEC7402;140473;07:00:00;METROLOGIA;20;18;QUA;08:45:00;Teórica;E-303
GMEC;GMEC7402;140473;10:50:00;METROLOGIA;20;18;QUI;12:35:00;Prática;Metrologia
GMEC;GMEC7402;140481;07:00:00;METROLOGIA;20;20;QUA;08:45:00;Teórica;E-303
GMEC;GMEC7402;140481;07:00:00;METROLOGIA;20;20;QUI;08:45:00;Prática;Metrologia
AMB;GFSQ9206;130017;19:10:00;MICROBIOLOGIA;60;21;SEX;22:40:00;Teórica;A-301
GLEA;GADM7708;010018;12:40:00;MICROECONOMIA;40;18;TER;15:30:00;Teórica;L-23
WEB;GADM7708;600006;15:35:00;MICROECONOMIA;5;2;QUA;18:15:00;Teórica;CAMPIII102
GELT;GELE7319;372559;14:30:00;MICROELETRÔNICA;25;6;SEG;16:25:00;Teórica;SALA E-214
GELT;GELE7319;372559;16:30:00;MICROELETRÔNICA;25;6;SEG;18:15:00;Prática;SALA E-214
GTEL;GELE7282;570525;15:35:00;MICROONDAS;50;9;QUI;18:15:00;Teórica;CAMPIII202
GAUT;GELE7185;655045;19:11:00;MICROPROCESSADORES I;20;7;TER;20:51:00;Prática;
GAUT;GELE7185;655045;17:25:00;MICROPROCESSADORES I;20;7;TER;19:10:00;Teórica;LAB-1
GELT;GELE7185;352446;17:25:00;MICROPROCESSADORES I;25;13;TER;19:10:00;Teórica;PAV01LAB05
GELT;GELE7185;352446;19:11:00;MICROPROCESSADORES I;25;13;TER;20:51:00;Prática;PAV01LAB05
GTEL;GELE7185;552446;17:25:00;MICROPROCESSADORES I;30;4;TER;19:10:00;Teórica;PAV01LAB05
GTEL;GELE7185;552446;19:11:00;MICROPROCESSADORES I;30;4;TER;20:51:00;Prática;PAV01LAB05
GAUT;GELE7194;660076;19:10:00;MICROPROCESSADORES II;10;1;TER;20:50:00;Teórica;H-102
GAUT;GELE7194;660076;19:10:00;MICROPROCESSADORES II;10;1;QUA;20:50:00;Prática;E202
GELT;GELE7194;362553;19:10:00;MICROPROCESSADORES II;25;8;TER;20:50:00;Teórica;H-102
GELT;GELE7194;362553;19:10:00;MICROPROCESSADORES II;25;8;QUA;20:50:00;Prática;SALA E-214
GTEL;GELE7194;562553;19:10:00;MICROPROCESSADORES II;10;7;TER;20:50:00;Teórica;H-102
GTEL;GELE7194;562553;19:10:00;MICROPROCESSADORES II;10;7;QUA;20:50:00;Prática;E202
BCC;GCC1923;991208;14:30:00;MINERAÇÃO DE DADOS;25;2;SEX;18:15:00;Teórica;
WEB;GTSI1497;601497;14:30:00;MINERAÇÃO DE DADOS;25;2;SEX;18:15:00;Teórica;
GPROD;GPRO7700;497700;07:00:00;MODELAGEM DE PROBLEMAS QUANTITATIVOS;10;9;QUI;09:40:00;Teórica;CAMPIII204
GPROD;GPRO7820;490031;17:25:00;MODELAGEM EM ENG. DE PROCESSOS;15;15;SEG;20:00:00;Teórica;E-509
GCIV;GCIV0835;701050;18:20:00;MODELAGEM ESTRUTURAL;20;11;TER;20:00:00;Teórica;D.LABCIVIL
GCIV;GCIV0839;700839;18:20:00;MODELAGEM HIDRÁULICA DE SISTEMAS DE ABASTECIMENTO;30;5;QUI;20:00:00;Teórica;D-218
WEB;GTSI1262;680003;;NEGÓCIOS NA INTERNET;25;8;;;;
GMEC;GMEC7502;130344;07:00:00;NORMALIZAÇÃO E CONFIABILIDADE;50;30;SEG;08:45:00;Teórica;E-303
GMEC;GMEC7502;130344;09:55:00;NORMALIZAÇÃO E CONFIABILIDADE;50;30;TER;10:45:00;Teórica;E-307
GCIV;GCIV0812;700097;18:20:00;OBRAS DE TERRA;20;6;TER;20:00:00;Teórica;D-316
GAUT;GEXT7004;654320;16:30:00;ONDAS;15;15;SEX;18:15:00;Teórica;
GAUT;GEXT7004;654320;14:30:00;ONDAS;15;15;SEX;16:25:00;Prática;CAMPIII102
GEL;GEXT7004;242320;16:30:00;ONDAS;15;15;SEX;18:15:00;Prática;
GEL;GEXT7004;242320;14:30:00;ONDAS;15;15;SEX;16:25:00;Teórica;CAMPIII102
GCIV;GEXT7004;740028;14:30:00;ONDAS;50;50;SEX;16:25:00;Prática;L-21
GCIV;GEXT7004;740028;13:35:00;ONDAS;50;50;QUA;15:20:00;Teórica;H-103
GELT;GEXT7004;342320;14:30:00;ONDAS;15;15;SEX;16:25:00;Teórica;CAMPIII102
GELT;GEXT7004;342320;16:30:00;ONDAS;15;15;SEX;18:15:00;Prática;
GMEC;GEXT7004;140001;07:00:00;ONDAS;50;39;SEG;08:45:00;Prática;L-22
GMEC;GEXT7004;140001;10:50:00;ONDAS;50;39;SEX;12:35:00;Teórica;H-103
GPROD;GEXT7004;440082;08:50:00;ONDAS;50;50;SEG;10:45:00;Teórica;L-22
GPROD;GEXT7004;440082;07:00:00;ONDAS;50;50;QUI;08:45:00;Teórica;L-22
GTEL;GEXT7004;540320;14:30:00;ONDAS;15;15;SEX;16:25:00;Teórica;CAMPIII102
GTEL;GEXT7004;540320;16:30:00;ONDAS;15;15;SEX;18:15:00;Prática;
GLEA;GADM7721;017721;17:25:00;ORÇAMENTO;5;0;QUI;20:00:00;Teórica;E-313
GCIV;GCIV8002;780025;20:00:00;ORÇAMENTO, PLANEJAMENTO E CONTROLE DE OBRAS CIVIS;40;27;SEX;21:50:00;Teórica;D-204
GCIV;GCIV8002;780025;18:20:00;ORÇAMENTO, PLANEJAMENTO E CONTROLE DE OBRAS CIVIS;40;27;TER;20:00:00;Teórica;D-204
BCC;GCC1418;940006;18:20:00;ORGANIZAÇÃO DE ESTRUTURAS DE ARQUIVOS;25;10;SEG;21:50:00;Teórica;LAB-2
WEB;GTSI1443;640003;18:20:00;ORGANIZAÇÃO DE ESTRUTURAS DE ARQUIVOS;25;8;SEG;21:50:00;Teórica;PAV1LAB02
GAUT;GELE7330;656001;14:30:00;OTIMIZAÇÃO;20;6;QUA;17:20:00;Teórica;L-32
GCIV;GCIV0814;790064;18:20:00;PATOLOGIAS EM ESTRUTURA DO CONCRETO;30;6;QUA;20:00:00;Teórica;D-202
GCIV;GCIV0807;700807;18:20:00;PAVIMENTAÇÃO;20;5;QUA;20:00:00;Teórica;D-206
GCIV;GCIV0822;700822;20:00:00;PAVIMENTAÇÃO DE PISTAS DE AEROPORTOS;20;0;QUI;21:50:00;Teórica;D-208
GCIV;GCIV0825;700825;20:00:00;PERÍCIAS E AVALIAÇÕES IMOBILIÁRIA;20;20;QUI;21:50:00;Teórica;D-210
GPROD;GPRO7709;450087;09:55:00;PESQUISA OPERACIONAL I;40;40;QUI;12:35:00;Teórica;H-102
GPROD;GPRO7710;460091;07:00:00;PESQUISA OPERACIONAL II;40;40;SEX;09:40:00;Teórica;H-102
AMB;GEDA9216;130020;20:00:00;PLANEJAMENTO AMBIENTAL;60;12;TER;22:40:00;Teórica;A-301
AMB;GEDA9216;130020;19:10:00;PLANEJAMENTO AMBIENTAL;60;12;SEG;20:00:00;Teórica;A-301
GAUT;GEDA7002;656007;18:20:00;PLANEJAMENTO DA PRODUÇÃO;30;11;QUI;20:50:00;Teórica;H-104
GELT;GEDA7002;342357;18:20:00;PLANEJAMENTO DA PRODUÇÃO;30;11;QUI;20:50:00;Teórica;H-104
GEL;GEDA7002;242357;18:20:00;PLANEJAMENTO DA PRODUÇÃO;30;19;QUI;20:50:00;Teórica;H-104
GMEC;GEDA7002;190613;18:20:00;PLANEJAMENTO DA PRODUÇÃO;35;35;QUI;20:50:00;Teórica;H-104
GTEL;GEDA7002;540340;18:20:00;PLANEJAMENTO DA PRODUÇÃO;30;7;QUI;20:50:00;Teórica;H-104
GPROD;GPRO7813;470094;07:00:00;PLANEJAMENTO DAS INSTALAÇÕES;40;40;QUI;09:40:00;Teórica;E-305
GPROD;GPRO7834;407834;12:50:00;PLANEJAMENTO DE EXPERIMENTOS;15;11;QUI;15:25:00;Teórica;L-24
GPROD;GPRO7805;470092;18:20:00;PLANEJAMENTO E CONTROLE DA PRODUÇÃO I;40;21;QUA;20:00:00;Teórica;E-313
GPROD;GPRO7805;470092;20:00:00;PLANEJAMENTO E CONTROLE DA PRODUÇÃO I;40;21;QUA;21:50:00;Teórica;E-301
GPROD;GPRO7822;490016;18:20:00;PLANEJAMENTO E CONTROLE DA PRODUÇÃO II;40;35;QUI;20:00:00;Teórica;D-318
GPROD;GPRO7822;490016;18:20:00;PLANEJAMENTO E CONTROLE DA PRODUÇÃO II;40;35;SEX;20:00:00;Teórica;D-312
GLEA;GADM7715;010019;12:40:00;PLANEJAMENTO EMPRESARIAL;40;22;SEG;15:30:00;Teórica;CAMPIII203
GPROD;GPRO7851;407851;14:30:00;POLÍTICA E GESTÃO PÚBLICA;15;14;SEX;17:25:00;Teórica;L-32
GCIV;GCIV8803;770011;20:00:00;PORTOS,MEIOS E VIAS NAVEGÁVEIS;40;40;TER;21:50:00;Teórica;D-212
BCC;GCC1629;960010;18:20:00;PRÁTICA EM PESQUISA APLICADA;25;8;QUA;21:50:00;Teórica;PAV1LAB02
WEB;GTSI1303;600064;18:20:00;PRÁTICA EM PESQUISA APLICADA;25;1;QUA;21:40:00;Teórica;PAV1LAB02
GLEA;GADM7764;017764;20:00:00;PRÁTICAS EM RESPONSABILIDADE SOCIOAMBIENTAL;5;0;TER;21:50:00;Teórica;CAMPIII102
GTEL;GELE7271;550421;19:10:00;PRINCÍPIOS DE TELECOMUNICAÇÕES;30;9;SEG;22:40:00;Teórica;BLOCO.E209
GAUT;GELE7317;656004;17:25:00;PROCESSAMENTO DE SINAIS I;20;7;QUI;19:10:00;Prática;SALA E-214
GAUT;GELE7317;656004;17:25:00;PROCESSAMENTO DE SINAIS I;20;7;QUA;19:10:00;Teórica;L-31
GELT;GELE7317;362551;17:25:00;PROCESSAMENTO DE SINAIS I;25;7;QUA;19:10:00;Teórica;L-31
GELT;GELE7317;362551;17:25:00;PROCESSAMENTO DE SINAIS I;25;7;QUI;19:10:00;Prática;SALA E-214
GTEL;GELE7317;562551;17:25:00;PROCESSAMENTO DE SINAIS I;20;9;QUA;19:10:00;Teórica;L-31
GTEL;GELE7317;562551;17:25:00;PROCESSAMENTO DE SINAIS I;20;9;QUI;19:10:00;Prática;
GELT;GELE7320;307320;14:30:00;PROCESSAMENTO DE SINAIS II;25;7;QUI;17:20:00;Teórica;SALA E-214
GPROD;GMEC7309;450086;09:55:00;PROCESSO DE FABRICAÇÃO;40;40;SEG;12:35:00;Teórica;L-31
GPROD;GMEC7309;450086;20:00:00;PROCESSO DE FABRICAÇÃO;40;40;QUI;21:50:00;Prática;PAVILHÃOIV
GMEC;GMEC7404;150490;07:00:00;PROCESSO DE FABRICAÇÃO I;50;50;QUI;09:40:00;Teórica;H-102
GMEC;GMEC7404;150490;08:50:00;PROCESSO DE FABRICAÇÃO I;50;50;SEX;12:35:00;Prática;M 4
GMEC;GMEC7304;160583;07:55:00;PROCESSO DE FABRICAÇÃO II;40;30;QUA;10:45:00;Teórica;L-22
GMEC;GMEC7304;160583;10:50:00;PROCESSO DE FABRICAÇÃO II;40;30;SEX;12:35:00;Prática;L-31
GAUT;GELE7335;657004;14:30:00;PROCESSO PETROQUÍMICO;20;10;SEG;17:20:00;Teórica;CAMPIII201
GAUT;GELE7347;607347;09:00:00;PROGRAMAÇÃO BÁSICA DE CLP;6;6;TER;12:40:00;Teórica;
WEB;GTSI1412;600004;18:20:00;PROGRAMAÇÃO DE CLIENTE WEB;20;9;SEX;21:40:00;Teórica;PAV01LAB03
BCC;GCC1925;900001;18:20:00;PROGRAMAÇÃO DE CLIENTES WEB;10;10;SEX;21:40:00;Teórica;
BCC;GCC1928;901928;18:20:00;PROGRAMAÇÃO DE SERVIDORES WEB;25;6;QUI;21:40:00;Teórica;PAV01LAB03
WEB;GTSI1251;640044;18:20:00;PROGRAMAÇÃO DE SERVIDORES WEB;25;3;QUI;21:50:00;Teórica;PAV01LAB03
BCC;GCC1415;940003;18:20:00;PROGRAMAÇÃO DE SOFTWARE PARA WEB;25;10;SEX;21:50:00;Teórica;PAV1LAB02
WEB;GTSI1442;640001;18:20:00;PROGRAMAÇÃO DE SOFTWARE PARA WEB;25;5;SEX;21:50:00;Teórica;PAV1LAB02
BCC;GCC1311;930004;18:20:00;PROGRAMAÇÃO ORIENTADA A OBJETOS;25;24;QUA;21:50:00;Teórica;LAB-1
WEB;GTSI1433;620009;18:20:00;PROGRAMAÇÃO ORIENTADA A OBJETOS;25;23;QUA;21:50:00;Prática;LAB-1
BCC;GCC1103;910005;18:20:00;PROJETO DE ALGORITMOS COMPUTACIONAIS;32;9;SEX;20:00:00;Teórica;
BCC;GCC1103;910005;18:20:00;PROJETO DE ALGORITMOS COMPUTACIONAIS;32;9;QUA;20:00:00;Teórica;H-101
WEB;GTSI1413;600012;18:20:00;PROJETO DE ALGORITMOS COMPUTACIONAIS;6;5;QUA;20:00:00;Teórica;
WEB;GTSI1413;600012;18:20:00;PROJETO DE ALGORITMOS COMPUTACIONAIS;6;5;SEX;20:00:00;Teórica;H-101
BCC;GCC1417;940005;18:20:00;PROJETO DE BANCO DE DADOS;25;12;TER;21:50:00;Teórica;PAV01LAB03
WEB;GTSI1445;650099;18:20:00;PROJETO DE BANCO DE DADOS;25;22;TER;21:50:00;Teórica;PAV01LAB03
GAUT;GELE7353;607553;07:00:00;PROJETO DE PROTÓTIPOS II;10;0;SEG;10:40:00;Teórica;E 201
GAUT;GELE7353;607553;07:00:00;PROJETO DE PROTÓTIPOS II;10;0;QUA;10:40:00;Teórica;
GPROD;GPRO7204;470095;17:25:00;PROJETO DO  PRODUTO;40;40;QUI;20:00:00;Teórica;E-307
BCC;GCC1733;991733;18:20:00;PROJETO E CONSTRUÇÃO DE SISTEMAS;25;7;SEX;21:50:00;Teórica;PAV1SALA01
WEB;GTSI1467;600011;18:20:00;PROJETO E CONSTRUÇÃO DE SISTEMAS;20;0;SEX;21:50:00;Teórica;
GCIV;GCIV8302;720017;18:20:00;PROJETO ESTRUTURANTE I;45;34;QUA;20:00:00;Teórica;D-214
GCIV;GCIV8405;730026;18:20:00;PROJETO ESTRUTURANTE II;40;39;TER;20:00:00;Teórica;D-208
GMEC;GMEC1602;190611;;Projeto Final;50;1;;;;
GELT;GELE1102;301102;;Projeto Final (Eletrônica);30;6;;;;
GEL;GELE1005;291005;;Projeto Final (Eletrotécnica);5;2;;;;
GAUT;GELE7331;658001;;PROJETO FINAL I;30;9;;;;
GELT;GELE7102;382562;;PROJETO FINAL I;25;9;;;;
GEL;GELE7005;282560;;PROJETO FINAL I;30;9;;;;
GCIV;GCIV8907;780023;14:30:00;PROJETO FINAL I;40;29;QUI;18:15:00;Teórica;
GMEC;GMEC7602;190612;;PROJETO FINAL I;50;16;;;;
GPROD;GPRO7808;480090;17:25:00;PROJETO FINAL I;40;19;TER;19:10:00;Prática;
GPROD;GPRO7808;480090;17:25:00;PROJETO FINAL I;40;19;QUA;19:10:00;Prática;
GPROD;GPRO7808;480090-B;13:35:00;PROJETO FINAL I;40;16;TER;17:25:00;Prática;
GTEL;GELE7202;580534;19:10:00;PROJETO FINAL I;30;9;QUI;20:50:00;Teórica;
GCIV;GCIV8003;780026;14:30:00;PROJETO FINAL II;40;36;QUI;18:15:00;Teórica;
GAUT;GELE7337;658010;;PROJETO FINAL II;100;9;;;;
GEL;GELE7315;282599;;PROJETO FINAL II;30;18;;;;
GELT;GELE7323;300007;;PROJETO FINAL II;25;11;;;;
GMEC;GMEC7603;190609;;PROJETO FINAL II;30;9;;;;
GPROD;GPRO7809;480092;17:25:00;PROJETO FINAL II;40;14;TER;20:50:00;Prática;
GPROD;GPRO7809;480092-B;13:35:00;PROJETO FINAL II;40;31;TER;17:25:00;Prática;
GTEL;GELE7328;500007;19:10:00;PROJETO FINAL II;30;17;QUI;20:50:00;Teórica;
GPROD;GPRO7205;460095;09:55:00;PROJETO ORGANIZACIONAL;40;40;SEG;12:35:00;Teórica;L-34
GMEC;GMEC7305;170303;08:50:00;PROJETOS DE FERRAMENTAS;50;45;QUI;12:35:00;Teórica;E-303
GAUT;GDES1501;601501;07:00:00;PROJETOS E PROTÓTIPOS I;3;3;QUA;10:40:00;Prática;
GAUT;GDES1501;601501;07:00:00;PROJETOS E PROTÓTIPOS I;3;3;SEG;10:40:00;Prática;E 201
GTEL;GELE7283;570526;18:20:00;PROPAGAÇÃO DE ONDAS;50;7;QUI;20:50:00;Teórica;D-304
GEL;GELE7008;282557;18:20:00;PROTEÇÃO DO SISTEMA ELÉTRICO;30;7;SEX;20:50:00;Teórica;D-202
GTEL;GELE7286;560478;13:35:00;PROTOCOLOS;50;10;SEG;16:25:00;Teórica;E 201
GPROD;GPRO7810;470096;09:55:00;PSICOLOGIA E SOCIOLOGIA DO TRABALHO;50;32;TER;12:35:00;Teórica;L-21
GAUT;GEXT7702;650004;14:30:00;QUÍMICA;7;5;TER;16:25:00;Teórica;H-104
GAUT;GEXT7702;650004;12:40:00;QUÍMICA;7;5;SEX;14:25:00;Prática;H-103
AMB;GFSQ9201;130001;17:30:00;QUÍMICA;10;10;SEX;19:10:00;Teórica;A-303
AMB;GFSQ9201;130001;17:30:00;QUÍMICA;10;10;QUA;19:10:00;Teórica;A-303
GEL;GEXT7702;201022;16:30:00;QUÍMICA;7;4;SEX;18:15:00;Prática;L-21
GEL;GEXT7702;201022;16:30:00;QUÍMICA;7;4;TER;18:15:00;Teórica;H-103
GCIV;GEXT7702;700004-B;14:30:00;QUÍMICA;7;2;SEX;16:25:00;Prática;L-23
GCIV;GEXT7702;700004-B;12:40:00;QUÍMICA;7;2;TER;14:25:00;Teórica;H-101
GCIV;GEXT7702;700004-A;14:30:00;QUÍMICA;7;5;SEX;16:25:00;Prática;L-31
GCIV;GEXT7702;700004-A;12:40:00;QUÍMICA;7;5;TER;14:25:00;Teórica;H-101
GELT;GEXT7702;301022;16:30:00;QUÍMICA;7;0;TER;18:15:00;Teórica;H-103
GELT;GEXT7702;301022;16:30:00;QUÍMICA;7;0;SEX;18:15:00;Prática;L-21
GMEC;GEXT7702;101024-A;12:40:00;QUÍMICA;29;7;TER;14:25:00;Teórica;H-104
GMEC;GEXT7702;101024-A;07:00:00;QUÍMICA;29;7;SEX;08:45:00;Prática;H-103
GMEC;GEXT7702;101024-B;12:40:00;QUÍMICA;29;6;TER;14:25:00;Teórica;
GMEC;GEXT7702;101024-B;07:00:00;QUÍMICA;29;6;SEX;08:45:00;Prática;H-104
GPROD;GEXT7702;400004-A;08:50:00;QUÍMICA;7;7;TER;10:45:00;Teórica;H-104
GPROD;GEXT7702;400004-A;08:50:00;QUÍMICA;7;7;SEX;10:45:00;Prática;H-103
GPROD;GEXT7702;400004-B;08:50:00;QUÍMICA;7;5;TER;10:45:00;Teórica;H-104
GPROD;GEXT7702;400004-B;08:50:00;QUÍMICA;7;5;SEX;10:45:00;Prática;
GTEL;GEXT7702;501024;14:30:00;QUÍMICA;7;4;TER;16:25:00;Teórica;L-34
GTEL;GEXT7702;501024;12:40:00;QUÍMICA;7;4;SEX;14:25:00;Prática;H-103
AMB;GFSQ9205;130010;19:10:00;QUÍMICA AMBIENTAL;60;34;SEX;22:40:00;Teórica;A-305
GAMB;GEAMB1102;162004;;QUÍMICA GERAL E INORGÂNICA;50;0;;;;
GCIV;GCIV0805;700008;20:00:00;RECUPERAÇÃO DE ESTRUTURA DE CONCRETO ARMADO;20;20;QUA;21:50:00;Teórica;D-216
AMB;GEDA9219;130019;17:30:00;RECURSOS NATURAIS E CONSERVAÇÃO DE ENERGIA;60;18;TER;20:00:00;Teórica;A-301
GCIV;GCIV8806;770015;15:35:00;RECURSOS NATURAIS I;40;32;SEX;17:20:00;Teórica;PAV2/P222
GAUT;GELE7272;657002;16:30:00;REDES I;20;6;QUA;18:15:00;Teórica;L-22
GAUT;GELE7272;657002;18:20:00;REDES I;20;6;QUA;20:00:00;Prática;E202
GELT;GELE7272;372557;16:30:00;REDES I;25;7;QUA;18:15:00;Teórica;L-22
GELT;GELE7272;372557;18:20:00;REDES I;25;7;QUA;20:00:00;Prática;E202
GTEL;GELE7272;572557;16:30:00;REDES I;30;12;QUA;18:15:00;Teórica;L-22
GTEL;GELE7272;572557;18:15:00;REDES I;30;12;QUA;20:00:00;Prática;E202
GTEL;GELE7321;580535;19:10:00;REDES II;50;11;TER;21:50:00;Teórica;H-104
AMB;GEDA9217;130023;20:00:00;RESÍDUOS SÓLIDOS URBANOS E LIMPEZA PÚBLICAS;60;29;SEG;22:40:00;Teórica;
GMEC;GMEC7005;140004;08:50:00;RESISTÊNCIA DE MATERIAIS II;50;50;SEG;10:45:00;Teórica;E-305
GMEC;GMEC7005;140004;08:50:00;RESISTÊNCIA DE MATERIAIS II;50;50;TER;10:45:00;Teórica;E-305
GAUT;GMEC7006;653033;12:40:00;RESISTÊNCIA DE MATERIAIS III;20;10;SEX;15:20:00;Teórica;E-301
GEL;GMEC7006;233267;12:40:00;RESISTÊNCIA DE MATERIAIS III;21;14;SEX;15:20:00;Teórica;E-301
GELT;GMEC7006;333267;12:40:00;RESISTÊNCIA DE MATERIAIS III;20;5;SEX;15:20:00;Teórica;E-301
GPROD;GMEC7006;430074;07:00:00;RESISTÊNCIA DE MATERIAIS III;45;45;TER;09:40:00;Teórica;L-21
GTEL;GMEC7006;530262;12:40:00;RESISTÊNCIA DE MATERIAIS III;20;10;SEX;15:20:00;Teórica;E-301
GCIV;GCIV8406;730027;19:10:00;RESISTÊNCIA DOS MATERIAIS I;40;40;SEG;21:50:00;Teórica;H-101
GMEC;GMEC7004;130354;10:50:00;RESISTÊNCIA DOS MATERIAIS I;50;42;TER;12:35:00;Teórica;L-35
GMEC;GMEC7004;130354;10:50:00;RESISTÊNCIA DOS MATERIAIS I;50;42;SEX;12:35:00;Teórica;E-303
GCIV;GCIV8507;740033;19:10:00;RESISTÊNCIA DOS MATERIAIS II;40;40;QUA;21:50:00;Teórica;D-218
GLEA;GADM7743;017743;18:20:00;RESPONSABILIDADE SOCIAL;5;0;TER;20:00:00;Teórica;CAMPIII102
GPROD;GADM7743;490014;18:20:00;RESPONSABILIDADE SOCIAL;5;5;TER;20:00:00;Teórica;CAMPIII102
GCIV;GCIV8602;750002-B;18:20:00;RODOVIAS E FERROVIAS I;40;9;SEG;20:00:00;Teórica;D-208
GCIV;GCIV8602;750002-A;20:01:00;RODOVIAS E FERROVIAS I;40;31;SEG;21:51:00;Teórica;D-208
GCIV;GCIV8602;750002-B;18:20:00;RODOVIAS E FERROVIAS I;40;9;QUA;20:00:00;Teórica;D-208
GCIV;GCIV8602;750002-A;20:00:00;RODOVIAS E FERROVIAS I;40;31;QUA;21:50:00;Teórica;D-208
GCIV;GCIV8703;760003;07:55:00;RODOVIAS E FERROVIAS II;40;40;SAB;10:45:00;Teórica;D-204
AMB;GEDA9213;130007;19:10:00;SANEAMENTO AMBIENTAL;10;10;SEG;22:40:00;Teórica;A-303
GCIV;GCIV8702;760002;16:30:00;SANEAMENTO BÁSICO;40;40;QUA;19:10:00;Teórica;PAV2/P222
BCC;GCC1922;958992;18:20:00;SEGURANÇA DA INFORMAÇÃO;25;3;TER;21:40:00;Teórica;PAV1SALA01
WEB;GTSI1263;640019;18:20:00;SEGURANÇA DA INFORMAÇÃO;25;1;TER;21:50:00;Teórica;PAV1SALA01
GELT;GELE7349;307349;19:10:00;SENSORES E TÉCNICAS DE MEDIDAS;15;5;TER;20:00:00;Teórica;SALA E-214
GELT;GELE7349;307349;20:00:00;SENSORES E TÉCNICAS DE MEDIDAS;15;5;TER;21:50:00;Prática;E-212
GPROD;GPRO7701;407701;17:25:00;SIMULAÇÃO;15;3;QUI;20:00:00;Teórica;L-24
GLEA;GADM7731;017731;20:00:00;SIMULAÇÕES EMPRESARIAIS;5;0;QUA;21:50:00;Teórica;E-313
GAUT;GELE7303;655046;12:40:00;SINAIS E SISTEMAS;20;9;TER;15:20:00;Teórica;L-32
GEL;GELE7303;252440;12:40:00;SINAIS E SISTEMAS;30;17;TER;15:20:00;Teórica;L-32
GELT;GELE7303;352440;12:40:00;SINAIS E SISTEMAS;25;12;TER;15:20:00;Teórica;L-32
GTEL;GELE7303;552440;12:40:00;SINAIS E SISTEMAS;30;8;TER;15:20:00;Teórica;L-32
GAUT;GELE7346;600015;16:30:00;SÍNTESE DE FILTROS;50;0;QUI;20:00:00;Teórica;
BCC;GCC1732;971732;14:30:00;SISTEMAS CONCORRENTES E DISTRIBUÍDOS;25;9;TER;18:15:00;Teórica;LAB-1
WEB;GTSI1404;601404;14:30:00;SISTEMAS CONCORRENTES E DISTRIBUÍDOS;25;3;TER;18:15:00;Teórica;
AMB;GMEC9224;130009;20:00:00;SISTEMAS DE ABASTECIMENTO DE ÁGUA;60;27;TER;22:40:00;Teórica;A-305
AMB;GMEC9225;130008;17:30:00;SISTEMAS DE ESGOTO E DRENAGEM;60;22;QUI;19:10:00;Teórica;
AMB;GMEC9225;130008;17:30:00;SISTEMAS DE ESGOTO E DRENAGEM;60;22;QUA;19:10:00;Teórica;A-305
GCIV;GCIV0816;700816;18:20:00;SISTEMAS DE IMPERMEABILIZAÇÃO;20;19;QUI;20:00:00;Teórica;D-212
GAUT;GELE7296;656005;17:25:00;SISTEMAS DE QUALIDADE;20;4;QUI;19:10:00;Teórica;L-35
GEL;GELE7296;200006;17:25:00;SISTEMAS DE QUALIDADE;15;7;QUI;19:10:00;Teórica;L-35
GELT;GELE7296;300006;17:25:00;SISTEMAS DE QUALIDADE;25;3;QUI;19:10:00;Teórica;L-35
GTEL;GELE7296;500006;17:25:00;SISTEMAS DE QUALIDADE;10;5;QUI;19:10:00;Teórica;L-35
GTEL;GELE7344;500051;17:25:00;SISTEMAS DE RADAR;20;1;QUI;20:00:00;Teórica;
GTEL;GELE7285;570528;19:10:00;SISTEMAS DE TELECOMUNICAÇÕES;30;6;SEG;21:50:00;Teórica;H-103
GAUT;GELE7173;654031;16:30:00;SISTEMAS DIGITAIS;10;10;QUA;18:15:00;Prática;E202
GAUT;GELE7173;654031;16:30:00;SISTEMAS DIGITAIS;10;10;TER;18:15:00;Teórica;E-306
BCC;GCC1309;930002;13:35:00;SISTEMAS DIGITAIS;25;23;TER;15:20:00;Teórica;LAB-1
GELT;GELE7173;342318;16:30:00;SISTEMAS DIGITAIS;25;19;TER;18:15:00;Teórica;L-22
GELT;GELE7173;342318;16:30:00;SISTEMAS DIGITAIS;25;19;QUA;18:15:00;Prática;E-212
GTEL;GELE7173;540318;16:30:00;SISTEMAS DIGITAIS;10;9;TER;18:15:00;Teórica;E-306
GTEL;GELE7173;540318;16:30:00;SISTEMAS DIGITAIS;10;9;QUA;18:15:00;Prática;E202
GCIV;GCIV8201;710009;20:00:00;SISTEMAS E OBRAS DE ENGENHARIA PARA CIDADES;45;37;TER;21:50:00;Teórica;D-204
GCIV;GCIV8201;710009;18:20:00;SISTEMAS E OBRAS DE ENGENHARIA PARA CIDADES;45;37;SEX;20:00:00;Teórica;D-204
GCIV;GCIV8605;750005;17:25:00;SISTEMAS ESTRUTURAIS E TEORIA DAS ESTRUTURAS;40;9;SEG;20:00:00;Teórica;PAV.2/P223
GCIV;GCIV8605;750006;14:30:00;SISTEMAS ESTRUTURAIS E TEORIA DAS ESTRUTURAS;40;34;SEG;17:20:00;Teórica;PAV.2/P223
GMEC;GMEC7205;180602;18:20:00;SISTEMAS FLUIDOMECÂNICOS;13;10;TER;20:00:00;Prática;D-112
GMEC;GMEC7205;180602;18:20:00;SISTEMAS FLUIDOMECÂNICOS;13;10;QUA;20:50:00;Teórica;D-318
GMEC;GMEC7205;180603;20:00:00;SISTEMAS FLUIDOMECÂNICOS;13;1;TER;21:50:00;Prática;D-112
GMEC;GMEC7205;180603;18:20:00;SISTEMAS FLUIDOMECÂNICOS;13;1;QUA;20:50:00;Teórica;D-318
GMEC;GMEC7205;180606;18:20:00;SISTEMAS FLUIDOMECÂNICOS;13;2;QUA;20:50:00;Teórica;D-318
GMEC;GMEC7205;180606;20:00:00;SISTEMAS FLUIDOMECÂNICOS;13;2;QUI;21:50:00;Prática;D-112
GMEC;GMEC7205;180607;18:20:00;SISTEMAS FLUIDOMECÂNICOS;13;6;QUA;20:50:00;Teórica;D-318
GMEC;GMEC7205;180607;18:20:00;SISTEMAS FLUIDOMECÂNICOS;13;6;QUI;20:00:00;Prática;D-112
BCC;GCC1205;920003;18:20:00;SISTEMAS OPERACIONAIS;25;17;TER;21:40:00;Teórica;LAB-1
WEB;GTSI1421;610002;18:20:00;SISTEMAS OPERACIONAIS;25;17;TER;21:40:00;Teórica;LAB-1
GMEC;GMEC7204;180609;16:30:00;SISTEMAS TÉRMICOS;50;21;QUI;20:00:00;Teórica;L-22
GCIV;GCIV8802;778802;19:10:00;SISTEMAS VIÁRIOS;40;3;QUA;21:50:00;Teórica;D-210
GCIV;GCIV8802;770013;19:10:00;SISTEMAS VIÁRIOS;40;20;SEX;21:50:00;Teórica;D-206
GEL;GELE7097;282558;15:35:00;SUBESTAÇÕES DE POTÊNCIA;30;9;SEX;18:15:00;Teórica;CAMPIII201
GEL;GELE7307;272556;18:20:00;SUBESTAÇÕES INDUSTRIAIS E EQUIPAMENTOS;30;18;QUA;20:00:00;Teórica;L-32
GPROD;GPRO7853;407853;08:50:00;SUSTENTABILIDADE CORPORATIVA;15;15;SEG;11:40:00;Teórica;L-35
GCIV;GCIV0810;700810;18:20:00;TÉCNICAS DE TERRAPLENAGEM;20;20;QUI;20:00:00;Teórica;D-208
GCIV;GCIV8807;770016;19:10:00;TECNOLOGIA DAS CONSTRUÇÕES I;40;29;SEG;21:50:00;Teórica;D-218
GCIV;GCIV8906;780020;19:10:00;TECNOLOGIA DAS CONSTRUÇÕES II;40;35;QUA;21:50:00;Teórica;D-212
GPROD;GMEC7308;430069;10:50:00;TECNOLOGIA DE MATERIAIS;45;36;QUA;12:35:00;Teórica;H-101
GELT;GELE7152;342366;21:00:00;TECNOLOGIA DOS SEMICONDUTORES;25;12;SEG;22:40:00;Prática;PAVILHÃO 1
GELT;GELE7152;342366;19:10:00;TECNOLOGIA DOS SEMICONDUTORES;25;12;SEG;20:50:00;Teórica;LAB 5
GCIV;GCIV8801;770010;19:10:00;TECNOLOGIA HIDRO-SANITÁRIA;40;18;QUA;21:50:00;Teórica;H-104
GPROD;GPRO7857;407857;08:50:00;TECNOLOGIA, FATORES HUMANOS E SOCIEDADE;10;9;SEG;12:35:00;Teórica;CAMPIII102
GTEL;GELE7281;580001;18:20:00;TELEFONIA;30;12;TER;20:50:00;Teórica;E-307
GTEL;GELE7292;580537;19:11:00;TELEVISÃO DIGITAL;50;12;QUA;20:51:00;Teórica;BLOCO.E209
GTEL;GELE7292;580537;21:00:00;TELEVISÃO DIGITAL;50;12;QUA;22:40:00;Prática;BLOCO.E209
BCC;GCC1624;960000;15:35:00;TEORIA DA COMPUTAÇÃO;25;6;QUA;17:20:00;Teórica;PAV1LAB02
BCC;GCC1624;960000;15:35:00;TEORIA DA COMPUTAÇÃO;25;6;SEX;17:20:00;Teórica;
WEB;GTSI1305;600086;15:35:00;TEORIA DA COMPUTAÇÃO;25;1;QUA;17:20:00;Teórica;
WEB;GTSI1305;600086;15:35:00;TEORIA DA COMPUTAÇÃO;25;1;SEX;17:20:00;Teórica;
GLEA;GLEA1639;011639;07:00:00;TEORIA E TÉCNICAS DE NEGOCIAÇÕES INTERNACIONAIS;40;6;QUI;09:40:00;Teórica;CAMPIII202
GMEC;GMEC7202;140003;13:35:00;TERMODINÂMICA I;50;38;QUI;16:25:00;Teórica;L-22
GMEC;GMEC7203;140422;17:25:00;TERMODINÂMICA II;50;50;SEG;20:00:00;Teórica;E-301
BCC;GCC1929;901929;18:20:00;TESTE DE SOFTWARE;25;1;TER;21:50:00;Teórica;
WEB;GTSI1470;601470;18:20:00;TESTE DE SOFTWARE;25;4;TER;21:50:00;Teórica;
WEB;GTSI7624;607624;18:20:00;TÓPICOS AVANÇADOS EM INFORMÁTICA;20;9;QUA;20:00:00;Prática;
GLEA;GLEA1426;010016;07:50:00;TÓPICOS DE NEGOCIAÇÕES INTERNACIONAIS I;40;19;SEG;08:45:00;Teórica;CAMPIII202
GLEA;GLEA1426;010016;10:50:00;TÓPICOS DE NEGOCIAÇÕES INTERNACIONAIS I;40;19;SEG;12:35:00;Teórica;CAMPIII202
GLEA;GADM7736;017736;19:10:00;TÓPICOS EM ADMINISTRAÇÃO I;5;1;QUA;21:50:00;Teórica;Aud. II
GPROD;GADM7736;490009;19:10:00;TÓPICOS EM ADMINISTRAÇÃO I;5;4;QUA;21:50:00;Teórica;Aud. II
GAUT;GELE7338;607338;14:30:00;TÓPICOS ESPECIAIS EM AUTOMAÇÃO I;4;2;QUI;17:00:00;Teórica;E 201
GPROD;GPRO7856;407856;18:20:00;TÓPICOS ESPECIAIS EM GERENCIAMENTO DE PROJETOS;10;9;TER;20:50:00;Teórica;D-312
GPROD;GPRO7838;490005;17:25:00;TÓPICOS ESPECIAIS EM MÉTODOS ESTATÍSTICOS;15;15;SEG;20:00:00;Teórica;L-23
AMB;GMAD9209;130015;19:10:00;TOPOGRAFIA E CARTOGRAFIA;60;20;SEG;21:50:00;Teórica;A-305
GCIV;GCIV8403;730021-B;19:10:00;TOPOGRAFIA E GEODÉSIA;40;32;QUA;21:50:00;Teórica;D-204
GCIV;GCIV8403;730021-A;17:25:00;TOPOGRAFIA E GEODÉSIA;40;19;QUI;20:00:00;Teórica;PAV2/P222
AMB;GEDA9225;130025;17:30:00;TRABALHO DE CONCLUSÃO DE CURSO;60;18;QUA;20:00:00;Prática;D-326
AMB;GEDA9225;130025;17:30:00;TRABALHO DE CONCLUSÃO DE CURSO;60;18;QUI;19:10:00;Teórica;D-326
GLEA;GLEA1640;011640;08:50:00;TRABALHO E LINGUAGEM;40;8;TER;10:45:00;Teórica;CAMPIII201
GMEC;GMEC7201;170302;09:55:00;TRANSFERÊNCIA DE CALOR;50;42;SEG;12:35:00;Teórica;L-21
GMEC;GMEC7201;170302;10:50:00;TRANSFERÊNCIA DE CALOR;50;42;QUA;12:35:00;Prática;E-305
GEL;GELE7313;292572;16:30:00;TRANSITÓRIOS ELETROMAGNÉTICOS;20;9;SEX;19:10:00;Teórica;L-35
GTEL;GELE7293;562554;16:30:00;TRANSMISSÃO DIGITAL I;30;13;SEG;19:10:00;Teórica;CAMPIII202
GTEL;GELE7207;580003;16:30:00;TRANSMISSÃO DIGITAL II;30;9;SEG;19:10:00;Teórica;CAMPIII204
GCIV;GCIV8902;789090;20:00:00;TRANSPORTE E LOGÍSTICA;40;11;SEG;21:50:00;Teórica;D-210
GCIV;GCIV8902;780018;10:50:00;TRANSPORTE E LOGÍSTICA;40;16;SAB;12:30:00;Teórica;D-204
AMB;GEDA9218;130016;19:10:00;TRATAMENTO DE ÁGUA;60;28;QUI;22:40:00;Teórica;A-301
AMB;GEDA9222;130029;17:30:00;TRATAMENTO DE ÁGUAS RESIDUÁRIAS;60;24;SEX;19:10:00;Teórica;D-326
AMB;GEDA9222;130029;17:30:00;TRATAMENTO DE ÁGUAS RESIDUÁRIAS;60;24;TER;19:10:00;Teórica;D-326
AMB;GEDA9223;130030;17:30:00;TRATAMENTO DE RESÍDUOS SÓLIDOS;60;15;SEG;19:10:00;Teórica;D-326
AMB;GEDA9223;130030;20:00:00;TRATAMENTO DE RESÍDUOS SÓLIDOS;60;15;QUA;21:50:00;Teórica;D-326
GCIV;GCIV0809;700012;18:20:00;TÚNEIS;20;20;QUA;20:00:00;Teórica;D-216
GAUT;GEXT7306;653023;17:25:00;VARIÁVEIS COMPLEXAS;20;16;QUI;20:00:00;Teórica;CAMPIII102
BCC;GEXT7306;900021;17:25:00;VARIÁVEIS COMPLEXAS;10;3;QUI;20:00:00;Teórica;CAMPIII102
GEL;GEXT7306;232319;17:25:00;VARIÁVEIS COMPLEXAS;20;6;SEG;20:00:00;Teórica;L-31
GELT;GEXT7306;332319;17:25:00;VARIÁVEIS COMPLEXAS;20;6;SEG;20:00:00;Teórica;L-31
GTEL;GEXT7306;530255;17:25:00;VARIÁVEIS COMPLEXAS;20;16;QUI;20:00:00;Teórica;CAMPIII102
GMEC;GMEC7508;180608;18:20:00;VIBRAÇÕES MECÂNICAS;40;35;TER;20:50:00;Teórica;D-304
